repo,org,system_id,model,total_gpus,comm_intensity,comm_intensity_measured,comm_intensity_reason
training_results_v3.1,Dell,2xXE8640x4H100-SXM-80GB,dlrm_dcnv2,8,,False,repo_unavailable
training_results_v3.1,Dell,2xXE8640x4H100-SXM-80GB,ssd,8,,False,repo_unavailable
training_results_v3.1,Dell,2xXE8640x4H100-SXM-80GB,resnet,8,,False,repo_unavailable
training_results_v3.1,Dell,2xXE8640x4H100-SXM-80GB,bert,8,,False,repo_unavailable
training_results_v3.1,Dell,XE8640x4H100-SXM-80GB,ssd,4,,False,repo_unavailable
training_results_v3.1,Dell,XE8640x4H100-SXM-80GB,resnet,4,,False,repo_unavailable
training_results_v3.1,Dell,XE8640x4H100-SXM-80GB,bert,4,,False,repo_unavailable
training_results_v3.1,Dell,2xXE9680x8H100-SXM-80GB,ssd,16,,False,repo_unavailable
training_results_v3.1,Dell,2xXE9680x8H100-SXM-80GB,resnet,16,,False,repo_unavailable
training_results_v3.1,Dell,2xXE9680x8H100-SXM-80GB,bert,16,,False,repo_unavailable
training_results_v3.1,Dell,XE9680x8H100-SXM-80GB,dlrm_dcnv2,8,,False,repo_unavailable
training_results_v3.1,Dell,XE9680x8H100-SXM-80GB,ssd,8,,False,repo_unavailable
training_results_v3.1,Dell,XE9680x8H100-SXM-80GB,resnet,8,,False,repo_unavailable
training_results_v3.1,Dell,XE9680x8H100-SXM-80GB,bert,8,,False,repo_unavailable
training_results_v3.1,Dell,XE9680x8H100-SXM-80GB,stable_diffusion,8,,False,repo_unavailable
training_results_v3.1,Dell,XE9640x4H100-SXM-80GB,dlrm_dcnv2,4,,False,repo_unavailable
training_results_v3.1,Dell,XE9640x4H100-SXM-80GB,ssd,4,,False,repo_unavailable
training_results_v3.1,Dell,XE9640x4H100-SXM-80GB,resnet,4,,False,repo_unavailable
training_results_v3.1,Dell,XE9640x4H100-SXM-80GB,bert,4,,False,repo_unavailable
training_results_v3.1,Azure+NVIDIA,ND_H100_v5_n1344_pytorch,gpt3,10752,,False,repo_unavailable
training_results_v3.1,GigaComputing,G593-ZD2_mxnet,resnet,8,,False,repo_unavailable
training_results_v3.1,GigaComputing,G593-ZD2_hugectr,dlrm_dcnv2,8,,False,repo_unavailable
training_results_v3.1,GigaComputing,G593-ZD2_pytorch,ssd,8,,False,repo_unavailable
training_results_v3.1,GigaComputing,G593-ZD2_pytorch,bert,8,,False,repo_unavailable
training_results_v3.1,Ailiverse,8xA100_40GB_open,resnet,80,,False,repo_unavailable
training_results_v3.1,ASUSTeK,ESC8000-E11-8xH100-PCIE-80GB,dlrm_dcnv2,8,,False,repo_unavailable
training_results_v3.1,ASUSTeK,ESC8000-E11-8xH100-PCIE-80GB,ssd,8,,False,repo_unavailable
training_results_v3.1,ASUSTeK,ESC8000-E11-8xH100-PCIE-80GB,resnet,8,,False,repo_unavailable
training_results_v3.1,ASUSTeK,ESC8000-E11-8xH100-PCIE-80GB,bert,8,,False,repo_unavailable
training_results_v3.1,ASUSTeK,ESC-N8-E11,dlrm_dcnv2,8,,False,repo_unavailable
training_results_v3.1,ASUSTeK,ESC-N8-E11,ssd,8,,False,repo_unavailable
training_results_v3.1,ASUSTeK,ESC-N8-E11,resnet,8,,False,repo_unavailable
training_results_v3.1,ASUSTeK,ESC-N8-E11,bert,8,,False,repo_unavailable
training_results_v3.1,Fujitsu,primergy-cdi-A100x8-mxnet-ngc23.09,resnet,8,,False,repo_unavailable
training_results_v3.1,Fujitsu,primergy-cdi-A100x4-mxnet-ngc23.09,resnet,4,,False,repo_unavailable
training_results_v3.1,Fujitsu,primergy-cdi-A100x2-mxnet-ngc23.09,resnet,2,,False,repo_unavailable
training_results_v3.1,Fujitsu,primergy-cdi-A100x10-pytorch-ngc23.09_gbs320,ssd,10,,False,repo_unavailable
training_results_v3.1,Fujitsu,primergy-cdi-A100x10-mxnet-ngc23.09,resnet,10,,False,repo_unavailable
training_results_v3.1,Fujitsu,primergy-cdi-A100x8-pytorch-ngc23.09_gbs320,ssd,8,,False,repo_unavailable
training_results_v3.1,Azure,ND_H100_v5_mxnet,resnet,8,,False,repo_unavailable
training_results_v3.1,Azure,ND_H100_v5_pytorch,bert,8,,False,repo_unavailable
training_results_v3.1,Clemson,8xR750-2xA100-PCIe-80GB,bert,16,,False,repo_unavailable
training_results_v3.1,Clemson,16xR750-2xA100-PCIe-80GB,bert,32,,False,repo_unavailable
training_results_v4.0,Dell,XE8640x4H100-SXM-80GB,gnn,4,,False,repo_unavailable
training_results_v4.0,Dell,XE8640x4H100-SXM-80GB,ssd,4,,False,repo_unavailable
training_results_v4.0,Dell,XE8640x4H100-SXM-80GB,resnet,4,,False,repo_unavailable
training_results_v4.0,Dell,XE8640x4H100-SXM-80GB,bert,4,,False,repo_unavailable
training_results_v4.0,Dell,XE9680x8H100-SXM-80GB,dlrm_dcnv2,8,,False,repo_unavailable
training_results_v4.0,Dell,XE9680x8H100-SXM-80GB,llama2_70b_lora,8,,False,repo_unavailable
training_results_v4.0,Dell,XE9680x8H100-SXM-80GB,ssd,8,,False,repo_unavailable
training_results_v4.0,Dell,XE9680x8H100-SXM-80GB,resnet,8,,False,repo_unavailable
training_results_v4.0,Dell,XE9680x8H100-SXM-80GB,bert,8,,False,repo_unavailable
training_results_v4.0,Dell,XE9640x4H100-SXM-80GB,dlrm_dcnv2,4,,False,repo_unavailable
training_results_v4.0,Dell,XE9640x4H100-SXM-80GB,ssd,4,,False,repo_unavailable
training_results_v4.0,Dell,XE9640x4H100-SXM-80GB,resnet,4,,False,repo_unavailable
training_results_v4.0,Dell,XE9640x4H100-SXM-80GB,bert,4,,False,repo_unavailable
training_results_v4.0,Dell,R760xax4L40S,ssd,4,,False,repo_unavailable
training_results_v4.0,Dell,R760xax4L40S,resnet,4,,False,repo_unavailable
training_results_v4.0,Dell,R760xax4L40S,bert,4,,False,repo_unavailable
training_results_v4.0,GigaComputing,G593-SD1_dgl,gnn,8,,False,repo_unavailable
training_results_v4.0,GigaComputing,G593-SD1_pytorch,llama2_70b_lora,8,,False,repo_unavailable
training_results_v4.0,GigaComputing,G593-SD1_pytorch,ssd,8,,False,repo_unavailable
training_results_v4.0,GigaComputing,G593-SD1_pytorch,bert,8,,False,repo_unavailable
training_results_v4.0,GigaComputing,G593-SD1_pytorch,stable_diffusion,8,,False,repo_unavailable
training_results_v4.0,GigaComputing,G593-SD1_mxnet,resnet,8,,False,repo_unavailable
training_results_v4.0,GigaComputing,G593-SD1_hugectr,dlrm_dcnv2,8,,False,repo_unavailable
training_results_v4.0,Red_Hat,AS-8125GS-TNHR-RHEL9.4,llama2_70b_lora,8,,False,repo_unavailable
training_results_v4.0,JuniperNetworks,h100_n4_ngc24.1_pytorch_deepspeed,llama2_70b_lora,32,,False,repo_unavailable
training_results_v4.0,JuniperNetworks,a100_n8_ngc23.09_pytorch,bert,64,,False,repo_unavailable
training_results_v4.0,JuniperNetworks,a100_n8_ngc23.09_merlin_hugectr,dlrm_dcnv2,64,,False,repo_unavailable
training_results_v4.0,JuniperNetworks,h100_n4_ngc23.09_pytorch,bert,32,,False,repo_unavailable
training_results_v4.0,JuniperNetworks,h100_n4_ngc23.09_merlin_hugectr,dlrm_dcnv2,32,,False,repo_unavailable
training_results_v4.0,JuniperNetworks,h100_n1_ngc24.1_pytorch_deepspeed,llama2_70b_lora,8,,False,repo_unavailable
training_results_v4.0,JuniperNetworks,a100_n8_ngc24.1_pytorch_deepspeed,llama2_70b_lora,64,,False,repo_unavailable
training_results_v4.0,NVIDIA,eos_ngc24.04_pytorch,ssd,8,,False,repo_unavailable
training_results_v4.0,NVIDIA,l40s_n16_ngc24.04_pytorch,ssd,64,,False,repo_unavailable
training_results_v4.0,NVIDIA,l40s_n16_ngc24.04_nemo,llama2_70b_lora,64,,False,repo_unavailable
training_results_v4.0,NVIDIA,l40s_n16_ngc24.04_nemo,stable_diffusion,64,,False,repo_unavailable
training_results_v4.0,NVIDIA,eos_n8_ngc24.04_dgl,gnn,64,,False,repo_unavailable
training_results_v4.0,NVIDIA,eos_ngc23.04_pytorch,bert,8,,False,repo_unavailable
training_results_v4.0,NVIDIA,eos_n64_ngc24.04_nemo,gpt3,512,,False,repo_unavailable
training_results_v4.0,NVIDIA,eos_n64_ngc24.04_nemo,stable_diffusion,512,,False,repo_unavailable
training_results_v4.0,NVIDIA,eos_n128_ngc24.04_nemo,llama2_70b_lora,1024,,False,repo_unavailable
training_results_v4.0,NVIDIA,eos_n128_ngc24.04_nemo,stable_diffusion,1024,,False,repo_unavailable
training_results_v4.0,NVIDIA,eos_n8_ngc24.04_merlin_hugectr,dlrm_dcnv2,64,,False,repo_unavailable
training_results_v4.0,NVIDIA,eos_n16_ngc24.04_merlin_hugectr,dlrm_dcnv2,128,,False,repo_unavailable
training_results_v4.0,NVIDIA,eos_ngc24.04_mxnet,resnet,8,,False,repo_unavailable
training_results_v4.0,NVIDIA,eos_n8_ngc23.04_pytorch,bert,64,,False,repo_unavailable
training_results_v4.0,NVIDIA,eos_n8_ngc24.04_pytorch,ssd,64,,False,repo_unavailable
training_results_v4.0,NVIDIA,eos_ngc24.04_nemo,llama2_70b_lora,8,,False,repo_unavailable
training_results_v4.0,NVIDIA,eos_ngc24.04_nemo,stable_diffusion,8,,False,repo_unavailable
training_results_v4.0,NVIDIA,l40s_n2_ngc24.04_pytorch,ssd,8,,False,repo_unavailable
training_results_v4.0,NVIDIA,eos-dfw_n1452_ngc24.04_nemo,gpt3,11616,,False,repo_unavailable
training_results_v4.0,NVIDIA,eos_n64_ngc24.04_dgl,gnn,512,,False,repo_unavailable
training_results_v4.0,NVIDIA,l40s_n16_ngc24.04_mxnet,resnet,64,,False,repo_unavailable
training_results_v4.0,NVIDIA,eos-dfw_n1344_ngc24.04_nemo,gpt3,10752,,False,repo_unavailable
training_results_v4.0,NVIDIA,h200_ngc24.04_merlin_hugectr,dlrm_dcnv2,8,,False,repo_unavailable
training_results_v4.0,NVIDIA,h200_ngc24.04_nemo,llama2_70b_lora,8,,False,repo_unavailable
training_results_v4.0,NVIDIA,h200_ngc24.04_nemo,stable_diffusion,8,,False,repo_unavailable
training_results_v4.0,NVIDIA,eos_n8_ngc24.04_mxnet,resnet,64,,False,repo_unavailable
training_results_v4.0,NVIDIA,h200_ngc24.04_pytorch,ssd,8,,False,repo_unavailable
training_results_v4.0,NVIDIA,eos_n316_ngc24.04_pytorch,ssd,2528,,False,repo_unavailable
training_results_v4.0,NVIDIA,eos_n8_ngc24.04_nemo,llama2_70b_lora,64,,False,repo_unavailable
training_results_v4.0,NVIDIA,eos_n8_ngc24.04_nemo,stable_diffusion,64,,False,repo_unavailable
training_results_v4.0,NVIDIA,h200_ngc24.04_dgl,gnn,8,,False,repo_unavailable
training_results_v4.0,NVIDIA,coreweave_hgxh100_n448_ngc23.04_mxnet,resnet,3584,,False,repo_unavailable
training_results_v4.0,NVIDIA,h200_ngc24.04_mxnet,resnet,8,,False,repo_unavailable
training_results_v4.0,NVIDIA,eos_ngc24.04_merlin_hugectr,dlrm_dcnv2,8,,False,repo_unavailable
training_results_v4.0,NVIDIA,eos_n316_ngc24.04_mxnet,resnet,2528,,False,repo_unavailable
training_results_v4.0,NVIDIA,l40s_n2_ngc24.04_mxnet,resnet,8,,False,repo_unavailable
training_results_v4.0,NVIDIA,eos_ngc24.04_dgl,gnn,8,,False,repo_unavailable
training_results_v4.0,NVIDIA,h200_ngc23.09_pytorch,bert,8,,False,repo_unavailable
training_results_v4.0,NVIDIA,l40s_n96_ngc24.04_nemo,llama2_70b_lora,384,,False,repo_unavailable
training_results_v4.0,NVIDIA,eos_n434_ngc23.09_pytorch,bert,3472,,False,repo_unavailable
training_results_v4.0,smc,1xSMC-H100-SXM-80GB,dlrm_dcnv2,8,,False,repo_unavailable
training_results_v4.0,smc,1xSMC-H100-SXM-80GB,llama2_70b_lora,8,,False,repo_unavailable
training_results_v4.0,smc,1xSMC-H100-SXM-80GB,ssd,8,,False,repo_unavailable
training_results_v4.0,smc,1xSMC-H100-SXM-80GB,resnet,8,,False,repo_unavailable
training_results_v4.0,smc,1xSMC-H100-SXM-80GB,bert,8,,False,repo_unavailable
training_results_v4.0,smc,8xSMC-H100-SXM-80GB,llama2_70b_lora,64,,False,repo_unavailable
training_results_v4.0,smc,8xSMC-H100-SXM-80GB,ssd,64,,False,repo_unavailable
training_results_v4.0,smc,8xSMC-H100-SXM-80GB,resnet,64,,False,repo_unavailable
training_results_v4.0,smc,8xSMC-H100-SXM-80GB,stable_diffusion,64,,False,repo_unavailable
training_results_v4.0,smc,64xSMC-H100-SXM-80GB,llama2_70b_lora,512,,False,repo_unavailable
training_results_v4.0,smc,64xSMC-H100-SXM-80GB,gpt3,512,,False,repo_unavailable
training_results_v4.0,Lenovo,SR685aV3-8xH100_SXM5_80GB_700W,ssd,8,,False,repo_unavailable
training_results_v4.0,Lenovo,SR685aV3-8xH100_SXM5_80GB_700W,resnet,8,,False,repo_unavailable
training_results_v4.0,Lenovo,SR675V3-8xL40S_PCIe_48GB_350W,resnet,8,,False,repo_unavailable
training_results_v4.0,smc-ac-power,1xSMC-H100-SXM-80GB,dlrm_dcnv2,8,,False,repo_unavailable
training_results_v4.0,smc-ac-power,1xSMC-H100-SXM-80GB,llama2_70b_lora,8,,False,repo_unavailable
training_results_v4.0,smc-ac-power,1xSMC-H100-SXM-80GB,ssd,8,,False,repo_unavailable
training_results_v4.0,smc-ac-power,1xSMC-H100-SXM-80GB,resnet,8,,False,repo_unavailable
training_results_v4.0,smc-ac-power,1xSMC-H100-SXM-80GB,bert,8,,False,repo_unavailable
training_results_v4.0,smc-ac-power,8xSMC-H100-SXM-80GB,llama2_70b_lora,64,,False,repo_unavailable
training_results_v4.0,smc-ac-power,8xSMC-H100-SXM-80GB,ssd,64,,False,repo_unavailable
training_results_v4.0,smc-ac-power,8xSMC-H100-SXM-80GB,resnet,64,,False,repo_unavailable
training_results_v4.0,smc-ac-power,64xSMC-H100-SXM-80GB,llama2_70b_lora,512,,False,repo_unavailable
training_results_v4.0,smc-ac-power,64xSMC-H100-SXM-80GB,gpt3,512,,False,repo_unavailable
training_results_v4.0,HPE,HPE-Cray-XD670-Gen11-H100-SXM5-80GB_n1_pytorch_23.09,bert,8,,False,repo_unavailable
training_results_v4.0,HPE,HPE-Cray-XD670-Gen11-H100-SXM5-80GB_n1_mxnet_24.04,resnet,8,,False,repo_unavailable
training_results_v4.0,HPE,HPE-Cray-XD670-Gen11-H100-SXM5-80GB_n2_pytorch_23.09,bert,16,,False,repo_unavailable
training_results_v4.0,HPE,HPE-Cray-XD670-Gen11-H100-SXM5-80GB_n1_pytorch_24.04,llama2_70b_lora,8,,False,repo_unavailable
training_results_v4.0,HPE,HPE-Cray-XD670-Gen11-H100-SXM5-80GB_n1_pytorch_24.04,ssd,8,,False,repo_unavailable
training_results_v4.0,HPE,HPE-Cray-XD670-Gen11-H100-SXM5-80GB_n2_pytorch_24.04,llama2_70b_lora,16,,False,repo_unavailable
training_results_v4.0,HPE,HPE-Cray-XD670-Gen11-H100-SXM5-80GB_n2_pytorch_24.04,ssd,16,,False,repo_unavailable
training_results_v4.0,HPE,HPE-Cray-XD670-Gen11-H100-SXM5-80GB_n2_mxnet_24.04,resnet,16,,False,repo_unavailable
training_results_v4.0,ASUSTeK,ESC8000A-E12-8xH100-PCIE-80GB,ssd,8,,False,repo_unavailable
training_results_v4.0,ASUSTeK,ESC8000A-E12-8xH100-PCIE-80GB,resnet,8,,False,repo_unavailable
training_results_v4.0,ASUSTeK,ESC8000A-E12-8xH100-PCIE-80GB,bert,8,,False,repo_unavailable
training_results_v4.0,ASUSTeK,ESC_N8A-E12,dlrm_dcnv2,8,,False,repo_unavailable
training_results_v4.0,ASUSTeK,ESC_N8A-E12,gnn,8,,False,repo_unavailable
training_results_v4.0,ASUSTeK,ESC_N8A-E12,llama2_70b_lora,8,,False,repo_unavailable
training_results_v4.0,ASUSTeK,ESC_N8A-E12,ssd,8,,False,repo_unavailable
training_results_v4.0,ASUSTeK,ESC_N8A-E12,resnet,8,,False,repo_unavailable
training_results_v4.0,ASUSTeK,ESC_N8A-E12,bert,8,,False,repo_unavailable
training_results_v4.0,tinycorp,tinybox_green,resnet,6,,False,repo_unavailable
training_results_v4.0,Supermicro,SYS-421GE-TNHR2-LCC-1,gnn,8,,False,repo_unavailable
training_results_v4.0,Supermicro,SYS-421GE-TNHR2-LCC-1,llama2_70b_lora,8,,False,repo_unavailable
training_results_v4.0,Supermicro,SYS-421GE-TNHR2-LCC-1,ssd,8,,False,repo_unavailable
training_results_v4.0,Supermicro,SYS-421GE-TNHR2-LCC-1,resnet,8,,False,repo_unavailable
training_results_v4.0,Supermicro,SYS-421GE-TNHR2-LCC-1,bert,8,,False,repo_unavailable
training_results_v4.0,Supermicro,SYS-421GE-TNHR2-LCC-8,llama2_70b_lora,64,,False,repo_unavailable
training_results_v4.0,Supermicro,SYS-421GE-TNHR2-LCC-8,bert,64,,False,repo_unavailable
training_results_v4.0,Supermicro,AS-8125GS-TNHR-1,dlrm_dcnv2,8,,False,repo_unavailable
training_results_v4.0,Supermicro,AS-8125GS-TNHR-1,gnn,8,,False,repo_unavailable
training_results_v4.0,Supermicro,AS-8125GS-TNHR-1,ssd,8,,False,repo_unavailable
training_results_v4.0,Supermicro,AS-8125GS-TNHR-1,resnet,8,,False,repo_unavailable
training_results_v4.0,Supermicro,AS-8125GS-TNHR-1,bert,8,,False,repo_unavailable
training_results_v4.0,Supermicro,SYS-821GE-TNHR-1,dlrm_dcnv2,8,,False,repo_unavailable
training_results_v4.0,Supermicro,SYS-821GE-TNHR-1,gnn,8,,False,repo_unavailable
training_results_v4.0,Supermicro,SYS-821GE-TNHR-1,ssd,8,,False,repo_unavailable
training_results_v4.0,Supermicro,SYS-821GE-TNHR-1,resnet,8,,False,repo_unavailable
training_results_v4.0,Supermicro,SYS-821GE-TNHR-1,bert,8,,False,repo_unavailable
training_results_v4.0,Supermicro,AS-8125GS-TNHR_8_H100-SXM-80GB,llama2_70b_lora,8,,False,repo_unavailable
training_results_v4.0,Supermicro,AS-8125GS-TNHR_8_H100-SXM-80GB,resnet,8,,False,repo_unavailable
training_results_v4.0,Supermicro,AS-8125GS-TNHR_8_H100-SXM-80GB,bert,8,,False,repo_unavailable
training_results_v4.0,Fujitsu,PRIMERGY-CDI-L40Sx16,ssd,16,,False,repo_unavailable
training_results_v4.0,Fujitsu,PRIMERGY-CDI-L40Sx16,bert,16,,False,repo_unavailable
training_results_v4.0,Fujitsu,GX2560M7_H100_SXM_80GBx4,dlrm_dcnv2,4,,False,repo_unavailable
training_results_v4.0,Fujitsu,GX2560M7_H100_SXM_80GBx4,llama2_70b_lora,4,,False,repo_unavailable
training_results_v4.0,Fujitsu,GX2560M7_H100_SXM_80GBx4,ssd,4,,False,repo_unavailable
training_results_v4.0,Fujitsu,GX2560M7_H100_SXM_80GBx4,resnet,4,,False,repo_unavailable
training_results_v4.0,Fujitsu,GX2560M7_H100_SXM_80GBx4,bert,4,,False,repo_unavailable
training_results_v4.0,Fujitsu,GX2560M7_H100_SXM_80GBx4,stable_diffusion,4,,False,repo_unavailable
training_results_v4.0,Fujitsu,PRIMERGY-CDI-L40Sx8,resnet,8,,False,repo_unavailable
training_results_v4.0,smc-dc-power,1xSMC-H100-SXM-80GB,dlrm_dcnv2,8,,False,repo_unavailable
training_results_v4.0,smc-dc-power,1xSMC-H100-SXM-80GB,llama2_70b_lora,8,,False,repo_unavailable
training_results_v4.0,smc-dc-power,1xSMC-H100-SXM-80GB,ssd,8,,False,repo_unavailable
training_results_v4.0,smc-dc-power,1xSMC-H100-SXM-80GB,resnet,8,,False,repo_unavailable
training_results_v4.0,smc-dc-power,1xSMC-H100-SXM-80GB,bert,8,,False,repo_unavailable
training_results_v4.0,smc-dc-power,8xSMC-H100-SXM-80GB,llama2_70b_lora,64,,False,repo_unavailable
training_results_v4.0,smc-dc-power,8xSMC-H100-SXM-80GB,ssd,64,,False,repo_unavailable
training_results_v4.0,smc-dc-power,8xSMC-H100-SXM-80GB,resnet,64,,False,repo_unavailable
training_results_v4.0,smc-dc-power,64xSMC-H100-SXM-80GB,llama2_70b_lora,512,,False,repo_unavailable
training_results_v4.0,smc-dc-power,64xSMC-H100-SXM-80GB,gpt3,512,,False,repo_unavailable
training_results_v4.0,Quanta_Cloud_Technology,D54U-3U,dlrm_dcnv2,4,,False,repo_unavailable
training_results_v4.0,Quanta_Cloud_Technology,D54U-3U,ssd,4,,False,repo_unavailable
training_results_v4.0,Quanta_Cloud_Technology,D54U-3U,resnet,4,,False,repo_unavailable
training_results_v4.0,Quanta_Cloud_Technology,D54U-3U,bert,4,,False,repo_unavailable
training_results_v4.0,Quanta_Cloud_Technology,D74H-7U,dlrm_dcnv2,8,,False,repo_unavailable
training_results_v4.0,Quanta_Cloud_Technology,D74H-7U,gnn,8,,False,repo_unavailable
training_results_v4.0,Quanta_Cloud_Technology,D74H-7U,llama2_70b_lora,8,,False,repo_unavailable
training_results_v4.0,Quanta_Cloud_Technology,D74H-7U,ssd,8,,False,repo_unavailable
training_results_v4.0,Quanta_Cloud_Technology,D74H-7U,resnet,8,,False,repo_unavailable
training_results_v4.0,Quanta_Cloud_Technology,D74H-7U,bert,8,,False,repo_unavailable
training_results_v4.0,Quanta_Cloud_Technology,D74H-7U,stable_diffusion,8,,False,repo_unavailable
training_results_v4.0,Google,cloud-tpu-v5p-12288-maxtext,gpt3,6144,,False,repo_unavailable
training_results_v4.0,Google,cloud-tpu-v5p-2048-maxtext,gpt3,1024,,False,repo_unavailable
training_results_v4.0,Google,cloud-tpu-v5p-1024-maxtext,gpt3,512,,False,repo_unavailable
training_results_v4.0,Google,cloud-tpu-v5p-3072-maxtext,gpt3,1536,,False,repo_unavailable
training_results_v4.0,Oracle,8xBM.GPU.H100.8,ssd,64,,False,repo_unavailable
training_results_v4.0,Oracle,8xBM.GPU.H100.8,resnet,64,,False,repo_unavailable
training_results_v4.0,Oracle,8xBM.GPU.H100.8,stable_diffusion,64,,False,repo_unavailable
training_results_v4.0,Oracle,1xBM.GPU.H100.8,dlrm_dcnv2,8,,False,repo_unavailable
training_results_v4.0,Oracle,1xBM.GPU.H100.8,llama2_70b_lora,8,,False,repo_unavailable
training_results_v4.0,Oracle,1xBM.GPU.H100.8,ssd,8,,False,repo_unavailable
training_results_v4.0,Oracle,1xBM.GPU.H100.8,resnet,8,,False,repo_unavailable
training_results_v4.0,Oracle,16xBM.GPU.H100.8,stable_diffusion,128,,False,repo_unavailable
training_results_v4.1,Dell,8xXE9680x8H100-SXM-80GB-POWER,llama2_70b_lora,64,,False,repo_unavailable
training_results_v4.1,Dell,XE8640x4H100-SXM-80GB,llama2_70b_lora,4,,False,repo_unavailable
training_results_v4.1,Dell,XE8640x4H100-SXM-80GB,ssd,4,,False,repo_unavailable
training_results_v4.1,Dell,XE8640x4H100-SXM-80GB,bert,4,,False,repo_unavailable
training_results_v4.1,Dell,2xXE9680x8H100-SXM-80GB,llama2_70b_lora,16,,False,repo_unavailable
training_results_v4.1,Dell,4xXE9680x8H100-SXM-80GB,llama2_70b_lora,32,,False,repo_unavailable
training_results_v4.1,Dell,4xXE9680x8H100-SXM-80GB,ssd,32,,False,repo_unavailable
training_results_v4.1,Dell,8xXE9680x8H100-SXM-80GB,llama2_70b_lora,64,,False,repo_unavailable
training_results_v4.1,Dell,XE9680x8H200-SXM-141GB,dlrm_dcnv2,8,,False,repo_unavailable
training_results_v4.1,Dell,XE9680x8H200-SXM-141GB,gnn,8,,False,repo_unavailable
training_results_v4.1,Dell,XE9680x8H200-SXM-141GB,llama2_70b_lora,8,,False,repo_unavailable
training_results_v4.1,Dell,XE9680x8H200-SXM-141GB,ssd,8,,False,repo_unavailable
training_results_v4.1,Dell,XE9680x8H200-SXM-141GB,bert,8,,False,repo_unavailable
training_results_v4.1,Dell,XE9680x8H200-SXM-141GB,stable_diffusion,8,,False,repo_unavailable
training_results_v4.1,Dell,XE9680x8H100-SXM-80GB,gnn,8,,False,repo_unavailable
training_results_v4.1,Dell,XE9680x8H100-SXM-80GB,llama2_70b_lora,8,,False,repo_unavailable
training_results_v4.1,Dell,XE9680x8H100-SXM-80GB,ssd,8,,False,repo_unavailable
training_results_v4.1,Dell,XE9680x8H100-SXM-80GB,bert,8,,False,repo_unavailable
training_results_v4.1,Dell,XE9680x8H100-SXM-80GB,stable_diffusion,8,,False,repo_unavailable
training_results_v4.1,Dell,XE9640x4H100-SXM-80GB,gnn,4,,False,repo_unavailable
training_results_v4.1,Dell,XE9640x4H100-SXM-80GB,llama2_70b_lora,4,,False,repo_unavailable
training_results_v4.1,Dell,XE9640x4H100-SXM-80GB,ssd,4,,False,repo_unavailable
training_results_v4.1,Dell,R760x2H100NVL-PCIe-94GB,ssd,2,,False,repo_unavailable
training_results_v4.1,GigaComputing,G593-ZD1_dgl,gnn,8,,False,repo_unavailable
training_results_v4.1,GigaComputing,G593-ZD1_hugectr,dlrm_dcnv2,8,,False,repo_unavailable
training_results_v4.1,GigaComputing,G593-ZD1_pytorch,llama2_70b_lora,8,,False,repo_unavailable
training_results_v4.1,GigaComputing,G593-ZD1_pytorch,ssd,8,,False,repo_unavailable
training_results_v4.1,GigaComputing,G593-ZD1_pytorch,bert,8,,False,repo_unavailable
training_results_v4.1,GigaComputing,G593-ZD1_pytorch,stable_diffusion,8,,False,repo_unavailable
training_results_v4.1,NVIDIA,eos_n8_ngc24.09_nemo,llama2_70b_lora,64,,False,repo_unavailable
training_results_v4.1,NVIDIA,eos_n8_ngc24.09_nemo,stable_diffusion,64,,False,repo_unavailable
training_results_v4.1,NVIDIA,eos_n8_ngc24.06_merlin_hugectr,dlrm_dcnv2,64,,False,repo_unavailable
training_results_v4.1,NVIDIA,h200_ngc24.09_nemo,llama2_70b_lora,8,,False,repo_unavailable
training_results_v4.1,NVIDIA,h200_ngc24.09_nemo,stable_diffusion,8,,False,repo_unavailable
training_results_v4.1,NVIDIA,eos_n64_ngc24.09_dgl,gnn,512,,False,repo_unavailable
training_results_v4.1,NVIDIA,b200_preview_nemo,llama2_70b_lora,8,,False,repo_unavailable
training_results_v4.1,NVIDIA,b200_preview_nemo,stable_diffusion,8,,False,repo_unavailable
training_results_v4.1,NVIDIA,eos_n64_ngc24.09_nemo,gpt3,512,,False,repo_unavailable
training_results_v4.1,NVIDIA,eos_n64_ngc24.09_nemo,stable_diffusion,512,,False,repo_unavailable
training_results_v4.1,NVIDIA,eos_n128_ngc24.09_nemo,llama2_70b_lora,1024,,False,repo_unavailable
training_results_v4.1,NVIDIA,eos_ngc24.09_dgl,gnn,8,,False,repo_unavailable
training_results_v4.1,NVIDIA,eos_ngc23.04_pytorch,bert,8,,False,repo_unavailable
training_results_v4.1,NVIDIA,b200_preview_pytorch,ssd,8,,False,repo_unavailable
training_results_v4.1,NVIDIA,b200_preview_pytorch,bert,8,,False,repo_unavailable
training_results_v4.1,NVIDIA,eos_n128_ngc24.04_nemo,stable_diffusion,1024,,False,repo_unavailable
training_results_v4.1,NVIDIA,eos_n16_ngc24.06_merlin_hugectr,dlrm_dcnv2,128,,False,repo_unavailable
training_results_v4.1,NVIDIA,b200_preview_dgl,gnn,8,,False,repo_unavailable
training_results_v4.1,NVIDIA,b200_n8_preview_nemo,gpt3,64,,False,repo_unavailable
training_results_v4.1,NVIDIA,eos_n8_ngc23.04_pytorch,bert,64,,False,repo_unavailable
training_results_v4.1,NVIDIA,eos_n32_ngc24.09_nemo,gpt3,256,,False,repo_unavailable
training_results_v4.1,NVIDIA,eos_ngc24.09_pytorch,ssd,8,,False,repo_unavailable
training_results_v4.1,NVIDIA,eos_n8_ngc24.09_dgl,gnn,64,,False,repo_unavailable
training_results_v4.1,NVIDIA,eos-dfw_n1452_ngc24.04_nemo,gpt3,11616,,False,repo_unavailable
training_results_v4.1,NVIDIA,eos_ngc24.09_nemo,llama2_70b_lora,8,,False,repo_unavailable
training_results_v4.1,NVIDIA,eos_ngc24.09_nemo,stable_diffusion,8,,False,repo_unavailable
training_results_v4.1,NVIDIA,h200_ngc24.04_merlin_hugectr,dlrm_dcnv2,8,,False,repo_unavailable
training_results_v4.1,NVIDIA,h200_ngc24.04_pytorch,ssd,8,,False,repo_unavailable
training_results_v4.1,NVIDIA,eos_n316_ngc24.04_pytorch,ssd,2528,,False,repo_unavailable
training_results_v4.1,NVIDIA,eos_n8_ngc24.09_pytorch,ssd,64,,False,repo_unavailable
training_results_v4.1,NVIDIA,h200_ngc24.04_dgl,gnn,8,,False,repo_unavailable
training_results_v4.1,NVIDIA,eos_ngc24.04_merlin_hugectr,dlrm_dcnv2,8,,False,repo_unavailable
training_results_v4.1,NVIDIA,h200_ngc23.09_pytorch,bert,8,,False,repo_unavailable
training_results_v4.1,NVIDIA,b200_preview_merlin_hugectr,dlrm_dcnv2,8,,False,repo_unavailable
training_results_v4.1,NVIDIA,eos_n434_ngc23.09_pytorch,bert,3472,,False,repo_unavailable
training_results_v4.1,Lenovo,SR675V3-8xH100_NVL_94GB_400W,ssd,8,,False,repo_unavailable
training_results_v4.1,Lenovo,SR685aV3-8xH200_SXM_141GB_700W,gnn,8,,False,repo_unavailable
training_results_v4.1,Lenovo,SR685aV3-8xH200_SXM_141GB_700W,llama2_70b_lora,8,,False,repo_unavailable
training_results_v4.1,Lenovo,SR685aV3-8xH200_SXM_141GB_700W,ssd,8,,False,repo_unavailable
training_results_v4.1,Lenovo,SR685aV3-8xH200_SXM_141GB_700W,bert,8,,False,repo_unavailable
training_results_v4.1,Lenovo,SR685aV3-8xH200_SXM_141GB_700W,stable_diffusion,8,,False,repo_unavailable
training_results_v4.1,Lenovo,SR780aV3-8xH200_SXM_141GB_700W,gnn,8,,False,repo_unavailable
training_results_v4.1,Lenovo,SR780aV3-8xH200_SXM_141GB_700W,llama2_70b_lora,8,,False,repo_unavailable
training_results_v4.1,Lenovo,SR780aV3-8xH200_SXM_141GB_700W,ssd,8,,False,repo_unavailable
training_results_v4.1,Lenovo,SR780aV3-8xH200_SXM_141GB_700W,bert,8,,False,repo_unavailable
training_results_v4.1,Lenovo,SR680aV3-8xH200_SXM_141GB_700W,gnn,8,,False,repo_unavailable
training_results_v4.1,Lenovo,SR680aV3-8xH200_SXM_141GB_700W,llama2_70b_lora,8,,False,repo_unavailable
training_results_v4.1,Lenovo,SR680aV3-8xH200_SXM_141GB_700W,ssd,8,,False,repo_unavailable
training_results_v4.1,Lenovo,SR680aV3-8xH200_SXM_141GB_700W,bert,8,,False,repo_unavailable
training_results_v4.1,Lenovo,SR680aV3-8xH200_SXM_141GB_700W,stable_diffusion,8,,False,repo_unavailable
training_results_v4.1,ASUSTeK,ESC_N8_E11,dlrm_dcnv2,8,,False,repo_unavailable
training_results_v4.1,ASUSTeK,ESC_N8_E11,gnn,8,,False,repo_unavailable
training_results_v4.1,ASUSTeK,ESC_N8_E11,llama2_70b_lora,8,,False,repo_unavailable
training_results_v4.1,ASUSTeK,ESC_N8_E11,ssd,8,,False,repo_unavailable
training_results_v4.1,ASUSTeK,ESC_N8_E11,bert,8,,False,repo_unavailable
training_results_v4.1,ASUSTeK,ESC_N8_E11,stable_diffusion,8,,False,repo_unavailable
training_results_v4.1,tinycorp,tinybox_green,bert,6,,False,repo_unavailable
training_results_v4.1,Cisco,C885a-8xH100-SXM-80G,ssd,8,,False,repo_unavailable
training_results_v4.1,FlexAI,TEST.H100.8.nvidia_impl,bert,8,,False,repo_unavailable
training_results_v4.1,Supermicro,SYS-421GE-TNHR2-LCC-1,dlrm_dcnv2,8,,False,repo_unavailable
training_results_v4.1,Supermicro,SYS-421GE-TNHR2-LCC-1,ssd,8,,False,repo_unavailable
training_results_v4.1,Supermicro,SYS-421GE-TNHR2-LCC-1,bert,8,,False,repo_unavailable
training_results_v4.1,Supermicro,SYS-421GE-TNHR2-LCC-1,stable_diffusion,8,,False,repo_unavailable
training_results_v4.1,Supermicro,AS-8125GS-TNHR-1,dlrm_dcnv2,8,,False,repo_unavailable
training_results_v4.1,Supermicro,AS-8125GS-TNHR-1,gnn,8,,False,repo_unavailable
training_results_v4.1,Supermicro,AS-8125GS-TNHR-1,llama2_70b_lora,8,,False,repo_unavailable
training_results_v4.1,Supermicro,AS-8125GS-TNHR-1,ssd,8,,False,repo_unavailable
training_results_v4.1,Supermicro,AS-8125GS-TNHR-1,bert,8,,False,repo_unavailable
training_results_v4.1,Supermicro,AS-8125GS-TNHR-1,stable_diffusion,8,,False,repo_unavailable
training_results_v4.1,Supermicro,SYS-821GE-TNHR-1,dlrm_dcnv2,8,,False,repo_unavailable
training_results_v4.1,Supermicro,SYS-821GE-TNHR-1,gnn,8,,False,repo_unavailable
training_results_v4.1,Supermicro,SYS-821GE-TNHR-1,llama2_70b_lora,8,,False,repo_unavailable
training_results_v4.1,Supermicro,SYS-821GE-TNHR-1,ssd,8,,False,repo_unavailable
training_results_v4.1,Supermicro,SYS-821GE-TNHR-1,bert,8,,False,repo_unavailable
training_results_v4.1,Supermicro,AS-4125GS-TNHR2-LCC-1,dlrm_dcnv2,8,,False,repo_unavailable
training_results_v4.1,Supermicro,AS-4125GS-TNHR2-LCC-1,gnn,8,,False,repo_unavailable
training_results_v4.1,Supermicro,AS-4125GS-TNHR2-LCC-1,llama2_70b_lora,8,,False,repo_unavailable
training_results_v4.1,Supermicro,AS-4125GS-TNHR2-LCC-1,ssd,8,,False,repo_unavailable
training_results_v4.1,Supermicro,AS-4125GS-TNHR2-LCC-1,bert,8,,False,repo_unavailable
training_results_v4.1,Krai,7920T_2xA5000_ssd,bert,2,,False,repo_unavailable
training_results_v4.1,Krai,7920T_2xA5000_hdd,bert,2,,False,repo_unavailable
training_results_v4.1,Lambda,lambda_1cc_n2_H100-SXM-80GB_ngc24.04_nemo,llama2_70b_lora,16,,False,repo_unavailable
training_results_v4.1,Lambda,lambda_1cc_n2_H100-SXM-80GB_ngc24.04_nemo,bert,16,,False,repo_unavailable
training_results_v4.1,Lambda,lambda_1cc_n2_H100-SXM-80GB_ngc24.04_nemo,stable_diffusion,16,,False,repo_unavailable
training_results_v4.1,Lambda,lambda_1cc_n8_H100-SXM-80GB_ngc24.04_nemo,bert,64,,False,repo_unavailable
training_results_v4.1,Lambda,lambda_1cc_n4_H100-SXM-80GB_ngc24.04_nemo,llama2_70b_lora,32,,False,repo_unavailable
training_results_v4.1,Lambda,lambda_1cc_n4_H100-SXM-80GB_ngc24.04_nemo,stable_diffusion,32,,False,repo_unavailable
training_results_v4.1,Fujitsu,GX2560M7_H100_SXM_80GBx4,dlrm_dcnv2,4,,False,repo_unavailable
training_results_v4.1,Fujitsu,GX2560M7_H100_SXM_80GBx4,llama2_70b_lora,4,,False,repo_unavailable
training_results_v4.1,Fujitsu,GX2560M7_H100_SXM_80GBx4,ssd,4,,False,repo_unavailable
training_results_v4.1,Fujitsu,GX2560M7_H100_SXM_80GBx4,bert,4,,False,repo_unavailable
training_results_v4.1,Fujitsu,GX2560M7_H100_SXM_80GBx4,stable_diffusion,4,,False,repo_unavailable
training_results_v4.1,Fujitsu,PRIMERGY_CDI_H100_NVL_94GBx16,ssd,16,,False,repo_unavailable
training_results_v4.1,Azure,ND_H200_v5_n64_nemo,llama2_70b_lora,512,,False,repo_unavailable
training_results_v4.1,Clemson,7x8xH100-SXM5-80GB,llama2_70b_lora,56,,False,repo_unavailable
training_results_v4.1,Clemson,8xR750-2xA100-PCIe-80GB,bert,16,,False,repo_unavailable
training_results_v4.1,Clemson,16xR750-2xA100-PCIe-80GB,bert,32,,False,repo_unavailable
training_results_v4.1,Clemson,6x8xH100-SXM5-80GB,bert,48,,False,repo_unavailable
training_results_v4.1,Quanta_Cloud_Technology,D74H-7U,dlrm_dcnv2,8,,False,repo_unavailable
training_results_v4.1,Quanta_Cloud_Technology,D74H-7U,gnn,8,,False,repo_unavailable
training_results_v4.1,Quanta_Cloud_Technology,D74H-7U,llama2_70b_lora,8,,False,repo_unavailable
training_results_v4.1,Quanta_Cloud_Technology,D74H-7U,ssd,8,,False,repo_unavailable
training_results_v4.1,Quanta_Cloud_Technology,D74H-7U,bert,8,,False,repo_unavailable
training_results_v4.1,Quanta_Cloud_Technology,D74H-7U,stable_diffusion,8,,False,repo_unavailable
training_results_v4.1,Google,cloud-tpu-v5p-12288-maxtext,gpt3,6144,,False,repo_unavailable
training_results_v4.1,Google,cloud-tpu-v5p-128-maxdiffusion,stable_diffusion,64,,False,repo_unavailable
training_results_v4.1,Google,cloud-tpu-v5p-4096-maxtext,gpt3,2048,,False,repo_unavailable
training_results_v4.1,Google,cloud-tpu-v5p-16-maxdiffusion,stable_diffusion,8,,False,repo_unavailable
training_results_v4.1,Google,cloud-tpu-v5p-8192-maxtext,gpt3,4096,,False,repo_unavailable
training_results_v4.1,Oracle,512xBM.GPU.H100.8,llama2_70b_lora,512,,False,repo_unavailable
training_results_v4.1,Oracle,1536xBM.GPU.H100.8,gpt3,1536,,False,repo_unavailable
training_results_v4.1,Oracle,128xBM.GPU.H100.8,llama2_70b_lora,128,,False,repo_unavailable
training_results_v4.1,Oracle,3072xBM.GPU.H100.8,gpt3,3072,,False,repo_unavailable
training_results_v4.1,Oracle,64xBM.GPU.H100.8,llama2_70b_lora,64,,False,repo_unavailable
training_results_v5.0,Dell,1xXE9712x4GB200,retinanet,4,0.0,False,assumed_dp_default
training_results_v5.0,Dell,1xXE9712x4GB200,bert,4,0.0,False,assumed_dp_default
training_results_v5.0,Dell,1xXE9712x4GB200,stable_diffusion,4,0.0,False,assumed_dp_default
training_results_v5.0,Dell,4xXE9712x4GB200,retinanet,16,0.0,False,assumed_dp_default
training_results_v5.0,Dell,4xXE9712x4GB200,llama2_70b_lora,16,,False,unmeasured_no_scale_match
training_results_v5.0,Dell,4xXE9712x4GB200,bert,16,0.0,False,assumed_dp_default
training_results_v5.0,Dell,4xXE9712x4GB200,stable_diffusion,16,0.0,False,assumed_dp_default
training_results_v5.0,Dell,XE7740x8H200-NVL-141GB,retinanet,8,0.0,False,assumed_dp_default
training_results_v5.0,Dell,XE7740x8H200-NVL-141GB,llama2_70b_lora,8,0.0,True,measured
training_results_v5.0,Dell,1xXE9680x8MI300X,llama2_70b_lora,8,0.0,True,measured
training_results_v5.0,Dell,8xXE9712x4GB200,retinanet,32,0.0,False,assumed_dp_default
training_results_v5.0,Dell,8xXE9712x4GB200,llama2_70b_lora,32,,False,unmeasured_no_scale_match
training_results_v5.0,Dell,8xXE9712x4GB200,bert,32,0.0,False,assumed_dp_default
training_results_v5.0,Dell,2xXE9680Lx8B200-SXM-180GB,retinanet,16,0.0,False,assumed_dp_default
training_results_v5.0,Dell,2xXE9680Lx8B200-SXM-180GB,bert,16,0.0,False,assumed_dp_default
training_results_v5.0,Dell,2xXE9712x4GB200,retinanet,8,0.0,False,assumed_dp_default
training_results_v5.0,Dell,2xXE9712x4GB200,bert,8,0.0,False,assumed_dp_default
training_results_v5.0,Dell,9xXE9712x4GB200,retinanet,36,0.0,False,assumed_dp_default
training_results_v5.0,Dell,9xXE9712x4GB200,llama2_70b_lora,36,,False,unmeasured_no_scale_match
training_results_v5.0,Dell,9xXE9712x4GB200,stable_diffusion,36,0.0,False,assumed_dp_default
training_results_v5.0,Dell,2xXE9680Lx8H200-SXM-141GB,rgat,16,0.0,False,assumed_dp_default
training_results_v5.0,Dell,2xXE9680Lx8H200-SXM-141GB,retinanet,16,0.0,False,assumed_dp_default
training_results_v5.0,Dell,2xXE9680Lx8H200-SXM-141GB,llama2_70b_lora,16,,False,unmeasured_no_scale_match
training_results_v5.0,Dell,2xXE9680Lx8H200-SXM-141GB,bert,16,0.0,False,assumed_dp_default
training_results_v5.0,Dell,2xXE9680Lx8H200-SXM-141GB,stable_diffusion,16,0.0,False,assumed_dp_default
training_results_v5.0,Dell,XE9680x8H200-SXM-141GB,dlrm_dcnv2,8,0.0,False,assumed_dp_default
training_results_v5.0,Dell,XE9680x8H200-SXM-141GB,rgat,8,0.0,False,assumed_dp_default
training_results_v5.0,Dell,XE9680x8H200-SXM-141GB,retinanet,8,0.0,False,assumed_dp_default
training_results_v5.0,Dell,XE9680x8H200-SXM-141GB,llama2_70b_lora,8,0.0,True,measured
training_results_v5.0,Dell,XE9680x8H200-SXM-141GB,bert,8,0.0,False,assumed_dp_default
training_results_v5.0,Dell,XE9680x8H200-SXM-141GB,stable_diffusion,8,0.0,False,assumed_dp_default
training_results_v5.0,Dell,16xXE9712x4GB200,retinanet,64,0.0,False,assumed_dp_default
training_results_v5.0,Dell,16xXE9712x4GB200,llama2_70b_lora,64,,False,unmeasured_no_scale_match
training_results_v5.0,Dell,16xXE9712x4GB200,stable_diffusion,64,0.0,False,assumed_dp_default
training_results_v5.0,Dell,R7715x3H200-NVL-141GB,retinanet,3,0.0,False,assumed_dp_default
training_results_v5.0,Dell,1xXE7745x4H200-NVL-141GB,dlrm_dcnv2,4,0.0,False,assumed_dp_default
training_results_v5.0,Dell,1xXE7745x4H200-NVL-141GB,llama2_70b_lora,4,0.0,True,measured
training_results_v5.0,Dell,1xXE9680Lx8H200-SXM-141GB,retinanet,8,0.0,False,assumed_dp_default
training_results_v5.0,Dell,1xXE9680Lx8H200-SXM-141GB,llama2_70b_lora,8,0.0,True,measured
training_results_v5.0,Dell,1xXE9680Lx8H200-SXM-141GB,stable_diffusion,8,0.0,False,assumed_dp_default
training_results_v5.0,Dell,1xXE9680Lx8B200-SXM-180GB,rgat,8,0.0,False,assumed_dp_default
training_results_v5.0,Dell,1xXE9680Lx8B200-SXM-180GB,retinanet,8,0.0,False,assumed_dp_default
training_results_v5.0,Dell,1xXE9680Lx8B200-SXM-180GB,llama2_70b_lora,8,0.0,True,measured
training_results_v5.0,Dell,1xXE9680Lx8B200-SXM-180GB,bert,8,0.0,False,assumed_dp_default
training_results_v5.0,Dell,1xXE9680Lx8B200-SXM-180GB,stable_diffusion,8,0.0,False,assumed_dp_default
training_results_v5.0,Nebius,nebius_soperator_8xH200_n128_ngc25.01_nemo,llama31_405b,1024,3.4657359027997265,True,measured
training_results_v5.0,Nebius,nebius_soperator_8xH200_n64_ngc25.01_nemo,llama31_405b,512,3.4657359027997265,True,measured
training_results_v5.0,GigaComputing,G893-SD1_hugectr,dlrm_dcnv2,8,0.0,False,assumed_dp_default
training_results_v5.0,GigaComputing,G893-SD1_pytorch,retinanet,8,0.0,False,assumed_dp_default
training_results_v5.0,GigaComputing,G893-SD1_pytorch,llama2_70b_lora,8,0.0,True,measured
training_results_v5.0,GigaComputing,G893-SD1_pytorch,bert,8,0.0,False,assumed_dp_default
training_results_v5.0,GigaComputing,G893-SD1_pytorch,stable_diffusion,8,0.0,False,assumed_dp_default
training_results_v5.0,GigaComputing,G893-ZX1-AAX2_pytorch,llama2_70b_lora,8,0.0,True,measured
training_results_v5.0,GigaComputing,G893-SD1_dgl,rgat,8,0.0,False,assumed_dp_default
training_results_v5.0,NVIDIA,tyche_ngpu512_ngc25.04_nemo,llama31_405b,512,3.4657359027997265,True,measured
training_results_v5.0,NVIDIA,tyche_ngpu512_ngc25.04_nemo,llama2_70b_lora,512,0.0,True,measured
training_results_v5.0,NVIDIA,tyche_ngpu512_ngc25.04_nemo,stable_diffusion,512,0.0,False,assumed_dp_default
training_results_v5.0,NVIDIA,eos-dfw_n256_ngc25.01_nemo,llama31_405b,2048,4.1588830833596715,True,measured
training_results_v5.0,NVIDIA,eos-dfw_n304_ngc25.01_nemo,llama31_405b,2432,4.1588830833596715,True,measured
training_results_v5.0,NVIDIA,tyche_ngpu72_ngc25.04_nemo,llama2_70b_lora,72,0.0,True,measured
training_results_v5.0,NVIDIA,tyche_ngpu72_ngc25.04_nemo,stable_diffusion,72,0.0,False,assumed_dp_default
training_results_v5.0,NVIDIA,tyche_ngpu8_ngc25.04_nemo,llama2_70b_lora,8,0.0,True,measured
training_results_v5.0,NVIDIA,nyx_n1_ngc25.03_dgl,rgat,8,0.0,False,assumed_dp_default
training_results_v5.0,NVIDIA,eos-dfw_n64_ngc25.01_nemo,llama31_405b,512,3.4657359027997265,True,measured
training_results_v5.0,NVIDIA,tyche_ngpu256_ngc25.04_nemo,llama31_405b,256,3.4657359027997265,True,measured
training_results_v5.0,NVIDIA,tyche_ngpu8_ngc25.03_hugectr,dlrm_dcnv2,8,0.0,False,assumed_dp_default
training_results_v5.0,NVIDIA,tyche_ngpu64_ngc25.03_hugectr,dlrm_dcnv2,64,0.0,False,assumed_dp_default
training_results_v5.0,NVIDIA,tyche_ngpu144_ngc25.04_nemo,llama2_70b_lora,144,0.0,True,measured
training_results_v5.0,NVIDIA,eos-dfw_n320_ngc25.01_nemo,llama31_405b,2560,4.1588830833596715,True,measured
training_results_v5.0,NVIDIA,tyche_ngpu72_ngc25.04_pytorch,retinanet,72,0.0,False,assumed_dp_default
training_results_v5.0,NVIDIA,tyche_ngpu64_ngc25.04_pytorch,bert,64,0.0,False,assumed_dp_default
training_results_v5.0,NVIDIA,tyche_ngpu8_ngc25.04_pytorch,retinanet,8,0.0,False,assumed_dp_default
training_results_v5.0,NVIDIA,tyche_ngpu8_ngc25.04_pytorch,bert,8,0.0,False,assumed_dp_default
training_results_v5.0,NVIDIA,tyche_ngpu512_ngc25.04_pytorch,retinanet,512,0.0,False,assumed_dp_default
training_results_v5.0,NVIDIA,tyche_ngpu512_ngc25.04_pytorch,bert,512,0.0,False,assumed_dp_default
training_results_v5.0,NVIDIA,nyx_n1_ngc25.04_nemo,llama2_70b_lora,8,0.0,True,measured
training_results_v5.0,NVIDIA,nyx_n1_ngc25.04_nemo,stable_diffusion,8,0.0,False,assumed_dp_default
training_results_v5.0,NVIDIA,tyche_ngpu8_ngc25.03_dgl,rgat,8,0.0,False,assumed_dp_default
training_results_v5.0,NVIDIA,nyx_n1_ngc25.03_hugectr,dlrm_dcnv2,8,0.0,False,assumed_dp_default
training_results_v5.0,NVIDIA,eos-dfw_n1024_ngc25.01_nemo,llama31_405b,8192,4.1588830833596715,True,measured
training_results_v5.0,NVIDIA,tyche_ngpu72_ngc25.03_dgl,rgat,72,0.0,False,assumed_dp_default
training_results_v5.0,NVIDIA,nyx_n1_ngc25.04_pytorch,retinanet,8,0.0,False,assumed_dp_default
training_results_v5.0,NVIDIA,nyx_n1_ngc25.04_pytorch,bert,8,0.0,False,assumed_dp_default
training_results_v5.0,NVIDIA,tyche_ngpu256_ngc25.03_dgl,rgat,256,0.0,False,assumed_dp_default
training_results_v5.0,Lenovo,SR780aV3-8xB200_SXM_180GB,retinanet,8,0.0,False,assumed_dp_default
training_results_v5.0,Lenovo,SR780aV3-8xB200_SXM_180GB,llama2_70b_lora,8,0.0,True,measured
training_results_v5.0,Lenovo,SR780aV3-8xB200_SXM_180GB,bert,8,0.0,False,assumed_dp_default
training_results_v5.0,Lenovo,SR780aV3-8xB200_SXM_180GB,stable_diffusion,8,0.0,False,assumed_dp_default
training_results_v5.0,Lenovo,4xSR680Ax8H200-SXM-141GB,retinanet,32,0.0,False,assumed_dp_default
training_results_v5.0,Lenovo,4xSR680Ax8H200-SXM-141GB,llama2_70b_lora,32,1.3862943611198906,True,measured
training_results_v5.0,Lenovo,4xSR680Ax8H200-SXM-141GB,stable_diffusion,32,0.0,False,assumed_dp_default
training_results_v5.0,AMD,MI325X_EPYC_9575F_pytorch,llama2_70b_lora,8,,False,unmeasured_no_scale_match
training_results_v5.0,AMD,MI300X_EPYC_9575F_pytorch,llama2_70b_lora,8,,False,unmeasured_no_scale_match
training_results_v5.0,HPE,HPE-Cray-XD670-H200-SXM5-141GB_n4_24.09,dlrm_dcnv2,32,0.0,False,assumed_dp_default
training_results_v5.0,HPE,HPE-Cray-XD670-H200-SXM5-141GB_n4_24.09,retinanet,32,0.0,False,assumed_dp_default
training_results_v5.0,HPE,HPE-Cray-XD670-H200-SXM5-141GB_n4_24.09,llama2_70b_lora,32,0.6931471805599453,True,measured
training_results_v5.0,HPE,HPE-Cray-XD670-H200-SXM5-141GB_n4_24.09,bert,32,0.0,False,assumed_dp_default
training_results_v5.0,HPE,HPE-Cray-XD670-H200-SXM5-141GB_n4_24.09,stable_diffusion,32,0.0,False,assumed_dp_default
training_results_v5.0,HPE,HPE-Cray-XD670-H200-SXM5-141GB_n1_24.09,dlrm_dcnv2,8,0.0,False,assumed_dp_default
training_results_v5.0,HPE,HPE-Cray-XD670-H200-SXM5-141GB_n1_24.09,rgat,8,0.0,False,assumed_dp_default
training_results_v5.0,HPE,HPE-Cray-XD670-H200-SXM5-141GB_n1_24.09,retinanet,8,0.0,False,assumed_dp_default
training_results_v5.0,HPE,HPE-Cray-XD670-H200-SXM5-141GB_n1_24.09,llama2_70b_lora,8,0.6931471805599453,True,measured
training_results_v5.0,HPE,HPE-Cray-XD670-H200-SXM5-141GB_n1_24.09,bert,8,0.0,False,assumed_dp_default
training_results_v5.0,HPE,HPE-Cray-XD670-H200-SXM5-141GB_n1_24.09,stable_diffusion,8,0.0,False,assumed_dp_default
training_results_v5.0,HPE,HPE-Cray-XD670-H200-SXM5-141GB_n2_24.09,dlrm_dcnv2,16,0.0,False,assumed_dp_default
training_results_v5.0,HPE,HPE-Cray-XD670-H200-SXM5-141GB_n2_24.09,retinanet,16,0.0,False,assumed_dp_default
training_results_v5.0,HPE,HPE-Cray-XD670-H200-SXM5-141GB_n2_24.09,llama2_70b_lora,16,1.3862943611198906,True,measured
training_results_v5.0,HPE,HPE-Cray-XD670-H200-SXM5-141GB_n2_24.09,bert,16,0.0,False,assumed_dp_default
training_results_v5.0,ASUSTeK,ESC_N8_E11_n2,rgat,16,0.0,False,assumed_dp_default
training_results_v5.0,ASUSTeK,ESC_N8_E11_n2,llama2_70b_lora,16,,False,unmeasured_no_scale_match
training_results_v5.0,ASUSTeK,ESC_N8_E11,dlrm_dcnv2,8,0.0,False,assumed_dp_default
training_results_v5.0,ASUSTeK,ESC_N8_E11,retinanet,8,0.0,False,assumed_dp_default
training_results_v5.0,ASUSTeK,ESC_N8_E11,bert,8,0.0,False,assumed_dp_default
training_results_v5.0,ASUSTeK,ESC_N8_E11,stable_diffusion,8,0.0,False,assumed_dp_default
training_results_v5.0,MangoBoost,MI300X-LLMBoost-GPUBoost-4node,llama2_70b_lora,32,,False,unmeasured_no_scale_match
training_results_v5.0,MangoBoost,MI300X-LLMBoost-GPUBoost-1node,llama2_70b_lora,8,,False,unmeasured_no_scale_match
training_results_v5.0,MangoBoost,MI300X-LLMBoost-GPUBoost-2node,llama2_70b_lora,16,,False,unmeasured_no_scale_match
training_results_v5.0,tinycorp,tinybox_green,retinanet,6,0.0,False,assumed_dp_default
training_results_v5.0,tinycorp,tinybox_green,bert,6,0.0,False,assumed_dp_default
training_results_v5.0,tinycorp,tinybox_8xMI300X,bert,8,0.0,False,assumed_dp_default
training_results_v5.0,Cisco,hpf_n8,bert,64,0.0,False,assumed_dp_default
training_results_v5.0,SCITIX,scitix_n8_ngc24.09_nemo,llama2_70b_lora,64,1.3862943611198906,True,measured
training_results_v5.0,Supermicro,AS-A126GS-TNBR,rgat,8,0.0,False,assumed_dp_default
training_results_v5.0,Supermicro,AS-A126GS-TNBR,retinanet,8,0.0,False,assumed_dp_default
training_results_v5.0,Supermicro,AS-A126GS-TNBR,llama2_70b_lora,8,0.0,True,measured
training_results_v5.0,Supermicro,AS-A126GS-TNBR,bert,8,0.0,False,assumed_dp_default
training_results_v5.0,Supermicro,AS-A126GS-TNBR,stable_diffusion,8,0.0,False,assumed_dp_default
training_results_v5.0,Supermicro,ARS-121GL-NBO_16,dlrm_dcnv2,64,0.0,False,assumed_dp_default
training_results_v5.0,Supermicro,AS-4126GS-NBR-LCC_N2,retinanet,16,0.0,False,assumed_dp_default
training_results_v5.0,Supermicro,AS-4126GS-NBR-LCC_N2,llama2_70b_lora,16,,False,unmeasured_no_scale_match
training_results_v5.0,Supermicro,AS-4126GS-NBR-LCC_N2,bert,16,0.0,False,assumed_dp_default
training_results_v5.0,Supermicro,SYS-A21GE-NBRT,dlrm_dcnv2,8,0.0,False,assumed_dp_default
training_results_v5.0,Supermicro,SYS-A21GE-NBRT,rgat,8,0.0,False,assumed_dp_default
training_results_v5.0,Supermicro,SYS-A21GE-NBRT,retinanet,8,0.0,False,assumed_dp_default
training_results_v5.0,Supermicro,SYS-A21GE-NBRT,llama2_70b_lora,8,0.0,True,measured
training_results_v5.0,Supermicro,SYS-A21GE-NBRT,bert,8,0.0,False,assumed_dp_default
training_results_v5.0,Supermicro,AS-4125GS-TNHR2-LCC,dlrm_dcnv2,8,0.0,False,assumed_dp_default
training_results_v5.0,Supermicro,AS-4125GS-TNHR2-LCC,rgat,8,0.0,False,assumed_dp_default
training_results_v5.0,Supermicro,AS-4125GS-TNHR2-LCC,retinanet,8,0.0,False,assumed_dp_default
training_results_v5.0,Supermicro,AS-4125GS-TNHR2-LCC,llama2_70b_lora,8,0.0,True,measured
training_results_v5.0,Supermicro,AS-4125GS-TNHR2-LCC,bert,8,0.0,False,assumed_dp_default
training_results_v5.0,Supermicro,AS-4125GS-TNHR2-LCC,stable_diffusion,8,0.0,False,assumed_dp_default
training_results_v5.0,Supermicro,ARS-121GL-NBO_18,retinanet,72,0.0,False,assumed_dp_default
training_results_v5.0,Supermicro,ARS-121GL-NBO_18,llama2_70b_lora,72,0.0,True,measured
training_results_v5.0,Supermicro,ARS-121GL-NBO_18,stable_diffusion,72,0.0,False,assumed_dp_default
training_results_v5.0,Supermicro,8xMI325X_2xEPYC_9575F,llama2_70b_lora,8,0.0,True,measured
training_results_v5.0,Supermicro,AS-A126GS-TNBR_N1,retinanet,8,0.0,False,assumed_dp_default
training_results_v5.0,Supermicro,AS-A126GS-TNBR_N1,llama2_70b_lora,8,0.0,True,measured
training_results_v5.0,Supermicro,AS-A126GS-TNBR_N1,bert,8,0.0,False,assumed_dp_default
training_results_v5.0,Supermicro,SYS-422GA-NBRT-LCC,dlrm_dcnv2,8,0.0,False,assumed_dp_default
training_results_v5.0,Supermicro,SYS-422GA-NBRT-LCC,rgat,8,0.0,False,assumed_dp_default
training_results_v5.0,Supermicro,SYS-422GA-NBRT-LCC,retinanet,8,0.0,False,assumed_dp_default
training_results_v5.0,Supermicro,SYS-422GA-NBRT-LCC,llama2_70b_lora,8,0.0,True,measured
training_results_v5.0,Supermicro,SYS-422GA-NBRT-LCC,bert,8,0.0,False,assumed_dp_default
training_results_v5.0,Supermicro,SYS-422GA-NBRT-LCC,stable_diffusion,8,0.0,False,assumed_dp_default
training_results_v5.0,Supermicro,AS-4126GS-NBR-LCC_N1,retinanet,8,0.0,False,assumed_dp_default
training_results_v5.0,Supermicro,AS-4126GS-NBR-LCC_N1,llama2_70b_lora,8,0.0,True,measured
training_results_v5.0,Supermicro,AS-4126GS-NBR-LCC_N1,bert,8,0.0,False,assumed_dp_default
training_results_v5.0,Supermicro,SYS-821GE-TNHR,dlrm_dcnv2,8,0.0,False,assumed_dp_default
training_results_v5.0,Supermicro,SYS-821GE-TNHR,rgat,8,0.0,False,assumed_dp_default
training_results_v5.0,Supermicro,SYS-821GE-TNHR,retinanet,8,0.0,False,assumed_dp_default
training_results_v5.0,Supermicro,SYS-821GE-TNHR,llama2_70b_lora,8,0.0,True,measured
training_results_v5.0,Supermicro,SYS-821GE-TNHR,bert,8,0.0,False,assumed_dp_default
training_results_v5.0,IBM+CoreWeave+NVIDIA,carina_ngpu512_ngc25.04_nemo,llama31_405b,512,3.4657359027997265,True,measured
training_results_v5.0,IBM+CoreWeave+NVIDIA,carina_ngpu1024_ngc25.04_nemo,llama31_405b,1024,3.4657359027997265,True,measured
training_results_v5.0,IBM+CoreWeave+NVIDIA,carina_ngpu2496_ngc25.04_nemo,llama31_405b,2496,3.4657359027997265,True,measured
training_results_v5.0,IBM+CoreWeave+NVIDIA,carina_ngpu2048_ngc25.04_nemo,llama31_405b,2048,3.4657359027997265,True,measured
training_results_v5.0,IBM+CoreWeave+NVIDIA,carina_ngpu1536_ngc25.04_nemo,llama31_405b,1536,3.4657359027997265,True,measured
training_results_v5.0,krai,7920T_2xA5000_ssd,bert,2,0.0,False,assumed_dp_default
training_results_v5.0,krai,7920T_2xA5000_hdd,bert,2,0.0,False,assumed_dp_default
training_results_v5.0,Lambda,1cc_b200_n1_ngc25.04_nemo,llama2_70b_lora,8,0.0,True,measured
training_results_v5.0,QCT,D74H-7U,dlrm_dcnv2,8,0.0,False,assumed_dp_default
training_results_v5.0,QCT,D74H-7U,rgat,8,0.0,False,assumed_dp_default
training_results_v5.0,QCT,D74H-7U,retinanet,8,0.0,False,assumed_dp_default
training_results_v5.0,QCT,D74H-7U,llama2_70b_lora,8,,False,unmeasured_no_scale_match
training_results_v5.0,QCT,D74H-7U,bert,8,0.0,False,assumed_dp_default
training_results_v5.0,QCT,D74H-7U,stable_diffusion,8,0.0,False,assumed_dp_default
training_results_v5.0,QCT,D75T-7U,llama2_70b_lora,8,,False,unmeasured_no_scale_match
training_results_v5.0,Google,h200_nemo,stable_diffusion,8,0.0,False,assumed_dp_default
training_results_v5.0,Oracle,64xBM.GPU.H200.8,llama2_70b_lora,512,1.3862943611198906,True,measured
training_results_v5.0,Oracle,1xBM.GPU.GB200.4,llama2_70b_lora,4,0.0,True,measured
training_results_v5.0,Oracle,1xBM.GPU.B200.8,retinanet,8,0.0,False,assumed_dp_default
training_results_v5.0,Oracle,1xBM.GPU.B200.8,llama2_70b_lora,8,0.0,True,measured
training_results_v5.0,Oracle,1xBM.GPU.B200.8,stable_diffusion,8,0.0,False,assumed_dp_default
training_results_v5.0,Oracle,1xBM.GPU.MI300X.8,llama2_70b_lora,8,0.0,True,measured
training_results_v5.0,Oracle,8xBM.GPU.B200.8,retinanet,64,0.0,False,assumed_dp_default
training_results_v5.0,Oracle,8xBM.GPU.B200.8,llama2_70b_lora,64,0.0,True,measured
training_results_v5.0,Oracle,8xBM.GPU.B200.8,stable_diffusion,64,0.0,False,assumed_dp_default
training_results_v5.0,Oracle,1xBM.GPU.H200.8,retinanet,8,0.0,False,assumed_dp_default
training_results_v5.0,Oracle,1xBM.GPU.H200.8,llama2_70b_lora,8,0.0,True,measured
training_results_v5.0,Oracle,18xBM.GPU.GB200.4,llama2_70b_lora,72,0.0,True,measured
training_results_v5.0,Oracle,8xBM.GPU.H200.8,retinanet,64,0.0,False,assumed_dp_default
training_results_v5.0,Oracle,8xBM.GPU.H200.8,bert,64,0.0,False,assumed_dp_default
training_results_v5.0,Oracle,2xBM.GPU.GB200.4,llama2_70b_lora,8,0.0,True,measured
training_results_v5.1,Dell,1xXE7745x8RTXPro6000-PCIe-96GB,retinanet,8,0.0,False,assumed_dp_default
training_results_v5.1,Dell,1xXE9780x8B200-SXM-180GB,rgat,8,0.0,False,assumed_dp_default
training_results_v5.1,Dell,1xXE9780x8B200-SXM-180GB,retinanet,8,0.0,False,assumed_dp_default
training_results_v5.1,Dell,1xXE9780x8B200-SXM-180GB,llama2_70b_lora,8,0.0,True,measured
training_results_v5.1,Dell,2xXE9680Lx8B200-SXM-180GB,dlrm_dcnv2,16,0.0,False,assumed_dp_default
training_results_v5.1,Dell,2xXE9680Lx8B200-SXM-180GB,rgat,16,0.0,False,assumed_dp_default
training_results_v5.1,Dell,2xXE9680Lx8B200-SXM-180GB,retinanet,16,0.0,False,assumed_dp_default
training_results_v5.1,Dell,2xXE9680Lx8B200-SXM-180GB,llama2_70b_lora,16,0.0,True,measured
training_results_v5.1,Dell,2xXE9680Lx8B200-SXM-180GB,llama31_8b,16,0.0,True,measured
training_results_v5.1,Dell,2xXE9685Lx8B200-SXM-180GB,dlrm_dcnv2,16,0.0,False,assumed_dp_default
training_results_v5.1,Dell,2xXE9685Lx8B200-SXM-180GB,rgat,16,0.0,False,assumed_dp_default
training_results_v5.1,Dell,2xXE9685Lx8B200-SXM-180GB,retinanet,16,0.0,False,assumed_dp_default
training_results_v5.1,Dell,2xXE9685Lx8B200-SXM-180GB,llama2_70b_lora,16,0.0,True,measured
training_results_v5.1,Dell,2xXE9685Lx8B200-SXM-180GB,llama31_8b,16,0.0,True,measured
training_results_v5.1,Dell,1xXE9680x8H200-SXM-141GB,dlrm_dcnv2,8,0.0,False,assumed_dp_default
training_results_v5.1,Dell,1xXE9680x8H200-SXM-141GB,rgat,8,0.0,False,assumed_dp_default
training_results_v5.1,Dell,1xXE9680x8H200-SXM-141GB,retinanet,8,0.0,False,assumed_dp_default
training_results_v5.1,Dell,1xXE9680x8H200-SXM-141GB,llama2_70b_lora,8,0.0,True,measured
training_results_v5.1,Dell,XE9785L_8xMI355X,llama2_70b_lora,8,0.0,True,measured
training_results_v5.1,Dell,XE9785L_8xMI355X,llama31_8b,8,0.0,True,measured
training_results_v5.1,Dell,1xXE9685Lx8B200-SXM-180GB,dlrm_dcnv2,8,0.0,False,assumed_dp_default
training_results_v5.1,Dell,1xXE9685Lx8B200-SXM-180GB,rgat,8,0.0,False,assumed_dp_default
training_results_v5.1,Dell,1xXE9685Lx8B200-SXM-180GB,retinanet,8,0.0,False,assumed_dp_default
training_results_v5.1,Dell,1xXE9685Lx8B200-SXM-180GB,llama2_70b_lora,8,0.0,True,measured
training_results_v5.1,Dell,1xXE9780x8B300-SXM-270GB,dlrm_dcnv2,8,0.0,False,assumed_dp_default
training_results_v5.1,Dell,1xXE9780x8B300-SXM-270GB,llama2_70b_lora,8,0.0,True,measured
training_results_v5.1,Dell,1xXE9780x8B300-SXM-270GB,llama31_8b,8,0.0,True,measured
training_results_v5.1,Dell,1xXE9680Lx8H200-SXM-141GB,rgat,8,0.0,False,assumed_dp_default
training_results_v5.1,Dell,1xXE9680Lx8H200-SXM-141GB,retinanet,8,0.0,False,assumed_dp_default
training_results_v5.1,Dell,1xXE9680Lx8H200-SXM-141GB,llama2_70b_lora,8,0.0,True,measured
training_results_v5.1,Dell,1xXE9680Lx8B200-SXM-180GB,dlrm_dcnv2,8,0.0,False,assumed_dp_default
training_results_v5.1,Dell,1xXE9680Lx8B200-SXM-180GB,rgat,8,0.0,False,assumed_dp_default
training_results_v5.1,Dell,1xXE9680Lx8B200-SXM-180GB,retinanet,8,0.0,False,assumed_dp_default
training_results_v5.1,Dell,1xXE9680Lx8B200-SXM-180GB,llama2_70b_lora,8,0.0,True,measured
training_results_v5.1,Dell,1xXE9680Lx8B200-SXM-180GB,llama31_8b,8,0.0,True,measured
training_results_v5.1,Nebius,nebius_b200_n1,llama2_70b_lora,8,0.0,True,measured
training_results_v5.1,Nebius,nebius_b200_n1,llama31_8b,8,0.0,True,measured
training_results_v5.1,Nebius,nebius_h200_n64,llama31_405b,512,3.4657359027997265,True,measured
training_results_v5.1,Nebius,nebius_b200_n4,flux1,32,0.0,False,assumed_dp_default
training_results_v5.1,Nebius,nebius_b200_n4,llama2_70b_lora,32,0.0,True,measured
training_results_v5.1,Nebius,nebius_b200_n4,llama31_8b,32,0.0,True,measured
training_results_v5.1,Nebius,nebius_b200_n2,llama2_70b_lora,16,0.0,True,measured
training_results_v5.1,Nebius,nebius_b200_n2,llama31_8b,16,0.0,True,measured
training_results_v5.1,Nebius,nebius_h200_n128,llama31_405b,1024,3.4657359027997265,True,measured
training_results_v5.1,Nebius,nebius_b300_n1,llama2_70b_lora,8,0.0,True,measured
training_results_v5.1,Nebius,nebius_b300_n1,llama31_8b,8,0.0,True,measured
training_results_v5.1,GigaComputing,G894-AD1_dgl,rgat,8,0.0,False,assumed_dp_default
training_results_v5.1,GigaComputing,G894-AD1_hugectr,dlrm_dcnv2,8,0.0,False,assumed_dp_default
training_results_v5.1,GigaComputing,G893-ZX1-AAX4_pytorch,llama2_70b_lora,8,0.0,True,measured
training_results_v5.1,GigaComputing,G893-ZX1-AAX4_pytorch,llama31_8b,8,,False,unmeasured_no_scale_match
training_results_v5.1,GigaComputing,G894-AD1_pytorch,retinanet,8,0.0,False,assumed_dp_default
training_results_v5.1,GigaComputing,G894-AD1_pytorch,llama2_70b_lora,8,0.0,True,measured
training_results_v5.1,MiTAC,8xMI325X_2xEPYC_9755,llama2_70b_lora,8,,False,unmeasured_no_scale_match
training_results_v5.1,Wiwynn,8xKinabalux18x4GB200,llama2_70b_lora,576,,False,unmeasured_no_scale_match
training_results_v5.1,Wiwynn,1xKinabalux18x4GB200,llama2_70b_lora,72,,False,unmeasured_no_scale_match
training_results_v5.1,NVIDIA,tyche_ngpu72_ngc25.09_nemo,flux1,72,0.0,False,assumed_dp_default
training_results_v5.1,NVIDIA,tyche_ngpu72_ngc25.09_nemo,llama2_70b_lora,72,0.0,True,measured
training_results_v5.1,NVIDIA,tyche_ngpu72_ngc25.09_nemo,llama31_8b,72,0.0,True,measured
training_results_v5.1,NVIDIA,hsg_ngpu5120_ngc25.09_nemo,llama31_405b,5120,3.4657359027997265,True,measured
training_results_v5.1,NVIDIA,hsg_ngpu2560_ngc25.09_nemo,llama31_405b,2560,3.4657359027997265,True,measured
training_results_v5.1,NVIDIA,tyche_ngpu8_ngc25.03_hugectr,dlrm_dcnv2,8,0.0,False,assumed_dp_default
training_results_v5.1,NVIDIA,tyche_ngpu64_ngc25.03_hugectr,dlrm_dcnv2,64,0.0,False,assumed_dp_default
training_results_v5.1,NVIDIA,theia_ngpu512_ngc25.09_nemo,flux1,512,0.0,False,assumed_dp_default
training_results_v5.1,NVIDIA,theia_ngpu512_ngc25.09_nemo,llama31_405b,512,2.772588722239781,True,measured
training_results_v5.1,NVIDIA,theia_ngpu512_ngc25.09_nemo,llama2_70b_lora,512,0.0,True,measured
training_results_v5.1,NVIDIA,theia_ngpu512_ngc25.09_nemo,llama31_8b,512,0.6931471805599453,True,measured
training_results_v5.1,NVIDIA,tyche_ngpu8_ngc25.09_nemo,llama2_70b_lora,8,0.0,True,measured
training_results_v5.1,NVIDIA,tyche_ngpu8_ngc25.09_nemo,llama31_8b,8,0.0,True,measured
training_results_v5.1,NVIDIA,tyche_ngpu16_ngc25.09_nemo,flux1,16,0.0,False,assumed_dp_default
training_results_v5.1,NVIDIA,theia_ngpu72_ngc25.09_nemo,flux1,72,0.0,False,assumed_dp_default
training_results_v5.1,NVIDIA,theia_ngpu72_ngc25.09_nemo,llama2_70b_lora,72,0.0,True,measured
training_results_v5.1,NVIDIA,theia_ngpu72_ngc25.09_nemo,llama31_8b,72,0.0,True,measured
training_results_v5.1,NVIDIA,tyche_ngpu72_ngc25.04_pytorch,retinanet,72,0.0,False,assumed_dp_default
training_results_v5.1,NVIDIA,tyche_ngpu8_ngc25.04_pytorch,retinanet,8,0.0,False,assumed_dp_default
training_results_v5.1,NVIDIA,tyche_ngpu512_ngc25.09_nemo,flux1,512,0.0,False,assumed_dp_default
training_results_v5.1,NVIDIA,tyche_ngpu512_ngc25.09_nemo,llama31_405b,512,2.772588722239781,True,measured
training_results_v5.1,NVIDIA,tyche_ngpu512_ngc25.09_nemo,llama2_70b_lora,512,0.0,True,measured
training_results_v5.1,NVIDIA,tyche_ngpu512_ngc25.09_nemo,llama31_8b,512,0.6931471805599453,True,measured
training_results_v5.1,NVIDIA,hsg_ngpu1152_ngc25.09_nemo,flux1,1152,0.0,False,assumed_dp_default
training_results_v5.1,NVIDIA,tyche_ngpu512_ngc25.04_pytorch,retinanet,512,0.0,False,assumed_dp_default
training_results_v5.1,NVIDIA,theia_ngpu16_ngc25.09_nemo,flux1,16,0.0,False,assumed_dp_default
training_results_v5.1,NVIDIA,tyche_ngpu8_ngc25.03_dgl,rgat,8,0.0,False,assumed_dp_default
training_results_v5.1,NVIDIA,tyche_ngpu72_ngc25.03_dgl,rgat,72,0.0,False,assumed_dp_default
training_results_v5.1,NVIDIA,theia_ngpu8_ngc25.09_nemo,llama2_70b_lora,8,0.0,True,measured
training_results_v5.1,NVIDIA,theia_ngpu8_ngc25.09_nemo,llama31_8b,8,0.0,True,measured
training_results_v5.1,NVIDIA,tyche_ngpu256_ngc25.03_dgl,rgat,256,0.0,False,assumed_dp_default
training_results_v5.1,Lenovo,SR680aV4-8xB300_SXM,llama2_70b_lora,8,,False,unmeasured_no_scale_match
training_results_v5.1,Lenovo,SR680aV4-8xB300_SXM,llama31_8b,8,,False,unmeasured_no_scale_match
training_results_v5.1,Lenovo,SR680aV3-8xB200_SXM_180GB,dlrm_dcnv2,8,0.0,False,assumed_dp_default
training_results_v5.1,Lenovo,SR680aV3-8xB200_SXM_180GB,rgat,8,0.0,False,assumed_dp_default
training_results_v5.1,Lenovo,SR680aV3-8xB200_SXM_180GB,retinanet,8,0.0,False,assumed_dp_default
training_results_v5.1,Lenovo,SR680aV3-8xB200_SXM_180GB,llama2_70b_lora,8,,False,unmeasured_no_scale_match
training_results_v5.1,Lenovo,SR680aV3-8xB200_SXM_180GB,llama31_8b,8,,False,unmeasured_no_scale_match
training_results_v5.1,Lenovo,SR780aV3-8xB200_SXM_180GB,dlrm_dcnv2,8,0.0,False,assumed_dp_default
training_results_v5.1,Lenovo,SR780aV3-8xB200_SXM_180GB,rgat,8,0.0,False,assumed_dp_default
training_results_v5.1,Lenovo,SR780aV3-8xB200_SXM_180GB,llama2_70b_lora,8,,False,unmeasured_no_scale_match
training_results_v5.1,Lenovo,SR780aV3-8xB200_SXM_180GB,llama31_8b,8,,False,unmeasured_no_scale_match
training_results_v5.1,AMD,MI325X_EPYC_9575F_pytorch_llama2_70b,llama2_70b_lora,8,,False,unmeasured_no_scale_match
training_results_v5.1,AMD,MI300X_EPYC_9575F_pytorch_llama2_70b,llama2_70b_lora,8,,False,unmeasured_no_scale_match
training_results_v5.1,AMD,MI350X_EPYC_9575F_pytorch,llama2_70b_lora,8,,False,unmeasured_no_scale_match
training_results_v5.1,AMD,MI350X_EPYC_9575F_pytorch,llama31_8b,8,,False,unmeasured_no_scale_match
training_results_v5.1,AMD,MI355X_EPYC_9575F_pytorch,llama2_70b_lora,8,,False,unmeasured_no_scale_match
training_results_v5.1,AMD,MI355X_EPYC_9575F_pytorch,llama31_8b,8,,False,unmeasured_no_scale_match
training_results_v5.1,HPE,HPE-Cray-XD670-H200-SXM5-141GB_n8_25.09,llama31_8b,64,,False,unmeasured_no_scale_match
training_results_v5.1,ASUSTeK,ESC_A8A_MI325X,llama2_70b_lora,8,,False,unmeasured_no_scale_match
training_results_v5.1,ASUSTeK,ESC_NB8_E11,dlrm_dcnv2,8,0.0,False,assumed_dp_default
training_results_v5.1,ASUSTeK,ESC_NB8_E11,rgat,8,0.0,False,assumed_dp_default
training_results_v5.1,MangoBoost,MI325X-LLMBoost-GPUBoost-1node,llama2_70b_lora,8,,False,unmeasured_no_scale_match
training_results_v5.1,MangoBoost,MI325X-LLMBoost-GPUBoost-2node,llama2_70b_lora,16,,False,unmeasured_no_scale_match
training_results_v5.1,MangoBoost,AS-8126GS-TNMR,llama2_70b_lora,8,,False,unmeasured_no_scale_match
training_results_v5.1,MangoBoost,MI300X-LLMBoost-GPUBoost-1node,llama2_70b_lora,8,,False,unmeasured_no_scale_match
training_results_v5.1,MangoBoost,MI300X-LLMBoost-GPUBoost-2node,llama2_70b_lora,16,,False,unmeasured_no_scale_match
training_results_v5.1,Verda,b200_8x8_ngc25.09,llama31_8b,64,0.0,True,measured
training_results_v5.1,Cisco,hpf_n16,llama2_70b_lora,128,1.3862943611198906,True,measured
training_results_v5.1,Cisco,hpf_n16,llama31_8b,128,0.6931471805599453,True,measured
training_results_v5.1,Cisco,hpf_n8,dlrm_dcnv2,64,0.0,False,assumed_dp_default
training_results_v5.1,Cisco,hpf_n8,llama2_70b_lora,64,1.3862943611198906,True,measured
training_results_v5.1,Cisco,hpf_n8,llama31_8b,64,0.0,True,measured
training_results_v5.1,Cisco,1xC885A_M8-8xMI350X-OAM-288GB,llama2_70b_lora,8,0.0,True,measured
training_results_v5.1,Cisco,1xC885A_M8-8xMI350X-OAM-288GB,llama31_8b,8,,False,unmeasured_no_scale_match
training_results_v5.1,Cisco,2xC885A_M8-8xH200-SXM-141GB,llama2_70b_lora,16,0.0,True,measured
training_results_v5.1,Cisco,1xC885A_M8-8xH200-SXM-141GB,retinanet,8,0.0,False,assumed_dp_default
training_results_v5.1,Cisco,1xC885A_M8-8xH200-SXM-141GB,llama2_70b_lora,8,0.0,True,measured
training_results_v5.1,Supermicro,AS-A126GS-TNBR,dlrm_dcnv2,8,0.0,False,assumed_dp_default
training_results_v5.1,Supermicro,AS-A126GS-TNBR,rgat,8,0.0,False,assumed_dp_default
training_results_v5.1,Supermicro,AS-A126GS-TNBR,retinanet,8,0.0,False,assumed_dp_default
training_results_v5.1,Supermicro,AS-A126GS-TNBR,llama2_70b_lora,8,0.0,True,measured
training_results_v5.1,Supermicro,ARS-121GL-NB3,flux1,72,0.0,False,assumed_dp_default
training_results_v5.1,Supermicro,ARS-121GL-NB3,llama2_70b_lora,72,0.0,True,measured
training_results_v5.1,Supermicro,AS-4126GS-NBR-LCC,rgat,8,0.0,False,assumed_dp_default
training_results_v5.1,Supermicro,AS-4126GS-NBR-LCC,retinanet,8,0.0,False,assumed_dp_default
training_results_v5.1,Supermicro,AS-4126GS-NBR-LCC,llama2_70b_lora,8,0.0,True,measured
training_results_v5.1,Supermicro,AS-4126GS-NBR-LCC,llama31_8b,8,0.0,True,measured
training_results_v5.1,Supermicro,8xMI355X_2xEPYC_9575F,llama2_70b_lora,8,0.0,True,measured
training_results_v5.1,Supermicro,8xMI355X_2xEPYC_9575F,llama31_8b,8,0.0,True,measured
training_results_v5.1,Supermicro,SYS-422GS-NBRT-LCC,rgat,8,0.0,False,assumed_dp_default
training_results_v5.1,Supermicro,SYS-422GS-NBRT-LCC,retinanet,8,0.0,False,assumed_dp_default
training_results_v5.1,Supermicro,SYS-422GS-NBRT-LCC,llama2_70b_lora,8,0.0,True,measured
training_results_v5.1,Supermicro,SYS-422GS-NBRT-LCC,llama31_8b,8,0.0,True,measured
training_results_v5.1,Supermicro,AS-8126GS-NB3RT,llama2_70b_lora,8,0.0,True,measured
training_results_v5.1,Supermicro,AS-8126GS-NB3RT,llama31_8b,8,0.0,True,measured
training_results_v5.1,Supermicro,SYS-822GS-NB3RT,llama2_70b_lora,8,0.0,True,measured
training_results_v5.1,Supermicro,AS-8126GS-TNMR_8xMI325X,llama2_70b_lora,8,0.0,True,measured
training_results_v5.1,Krai,Cray-XD670-H200-SXM5-141GB_n4_v5.0,llama2_70b_lora,32,1.3862943611198906,True,measured
training_results_v5.1,Krai,Cray-XD670-H200-SXM5-141GB_n8_v5.0,llama2_70b_lora,64,1.3862943611198906,True,measured
training_results_v5.1,Krai,PowerEdge-XE9680-MI300X-192GB_n1_v5.0,llama2_70b_lora,8,,False,unmeasured_no_scale_match
training_results_v5.1,Krai,Cray-XD670-H200-SXM5-141GB_n2_v5.0,llama2_70b_lora,16,0.6931471805599453,True,measured
training_results_v5.1,Krai,PowerEdge-XE9680-MI300X-192GB_n1_v5.1,llama2_70b_lora,8,,False,unmeasured_no_scale_match
training_results_v5.1,University-of-Florida,hpg.dgxb200x8.n56,llama31_405b,448,3.4657359027997265,True,measured
training_results_v5.1,University-of-Florida,hpg.dgxb200x8.n8,flux1,64,0.0,False,assumed_dp_default
training_results_v5.1,University-of-Florida,hpg.dgxb200x8.n8,rgat,64,0.0,False,assumed_dp_default
training_results_v5.1,University-of-Florida,hpg.dgxb200x8.n8,retinanet,64,0.0,False,assumed_dp_default
training_results_v5.1,University-of-Florida,hpg.dgxb200x8.n8,llama2_70b_lora,64,0.0,True,measured
training_results_v5.1,University-of-Florida,hpg.dgxb200x8.n8,llama31_8b,64,0.0,True,measured
training_results_v5.1,University-of-Florida,hpg.dgxb200x8.n9,flux1,72,0.0,False,assumed_dp_default
training_results_v5.1,University-of-Florida,hpg.dgxb200x8.n16,flux1,128,0.0,False,assumed_dp_default
training_results_v5.1,University-of-Florida,hpg.dgxb200x8.n16,retinanet,128,0.0,False,assumed_dp_default
training_results_v5.1,University-of-Florida,hpg.dgxb200x8.n16,llama2_70b_lora,128,0.0,True,measured
training_results_v5.1,University-of-Florida,hpg.dgxb200x8.n16,llama31_8b,128,0.0,True,measured
training_results_v5.1,University-of-Florida,hpg.dgxb200x8.n1,dlrm_dcnv2,8,0.0,False,assumed_dp_default
training_results_v5.1,University-of-Florida,hpg.dgxb200x8.n1,rgat,8,0.0,False,assumed_dp_default
training_results_v5.1,University-of-Florida,hpg.dgxb200x8.n1,retinanet,8,0.0,False,assumed_dp_default
training_results_v5.1,University-of-Florida,hpg.dgxb200x8.n1,llama2_70b_lora,8,0.0,True,measured
training_results_v5.1,University-of-Florida,hpg.dgxb200x8.n1,llama31_8b,8,0.0,True,measured
training_results_v5.1,University-of-Florida,hpg.dgxb200x8.n4,flux1,32,0.0,False,assumed_dp_default
training_results_v5.1,University-of-Florida,hpg.dgxb200x8.n4,retinanet,32,0.0,False,assumed_dp_default
training_results_v5.1,University-of-Florida,hpg.dgxb200x8.n4,llama2_70b_lora,32,0.0,True,measured
training_results_v5.1,University-of-Florida,hpg.dgxb200x8.n4,llama31_8b,32,0.0,True,measured
training_results_v5.1,University-of-Florida,hpg.dgxb200x8.n2,flux1,16,0.0,False,assumed_dp_default
training_results_v5.1,University-of-Florida,hpg.dgxb200x8.n2,retinanet,16,0.0,False,assumed_dp_default
training_results_v5.1,University-of-Florida,hpg.dgxb200x8.n2,llama2_70b_lora,16,0.0,True,measured
training_results_v5.1,University-of-Florida,hpg.dgxb200x8.n2,llama31_8b,16,0.0,True,measured
training_results_v5.1,University-of-Florida,hpg.dgxb200x8.n32,llama31_405b,256,3.4657359027997265,True,measured
training_results_v5.1,University-of-Florida,hpg.dgxb200x8.n32,llama31_8b,256,0.0,True,measured
training_results_v5.1,Lambda,gb300_n18_ngc25.04_nemo,llama2_70b_lora,72,0.0,True,measured
training_results_v5.1,Lambda,gb300_n18_ngc25.04_nemo,llama31_8b,72,0.0,True,measured
training_results_v5.1,Quanta_Cloud_Technology,D74H-7U,dlrm_dcnv2,8,0.0,False,assumed_dp_default
training_results_v5.1,Quanta_Cloud_Technology,D74H-7U,rgat,8,0.0,False,assumed_dp_default
training_results_v5.1,Quanta_Cloud_Technology,D74H-7U,retinanet,8,0.0,False,assumed_dp_default
training_results_v5.1,Quanta_Cloud_Technology,D74H-7U,llama2_70b_lora,8,,False,unmeasured_no_scale_match
training_results_v5.1,Quanta_Cloud_Technology,D75T-7U,llama2_70b_lora,8,,False,unmeasured_no_scale_match
training_results_v5.1,Oracle,9xBM.GPU.B200.8,flux1,72,0.0,False,assumed_dp_default
training_results_v5.1,Oracle,2xBM.GPU.B200.8,flux1,16,0.0,False,assumed_dp_default
training_results_v5.1,Oracle,1xBM.GPU.B200.8,llama31_8b,8,0.0,True,measured
training_results_v5.1,Oracle,8xBM.GPU.B200.8,llama31_8b,64,0.0,True,measured
training_results_v6.0,vultr,8xMI355X_2xEPYC_9575F,llama2_70b_lora,8,,False,unmeasured_no_scale_match
training_results_v6.0,vultr,8xMI355X_2xEPYC_9575F,llama31_8b,8,,False,unmeasured_no_scale_match
training_results_v6.0,Dell,1xXE9785_8xMI355X,llama2_70b_lora,8,0.0,True,measured
training_results_v6.0,Dell,8xXE9712x4GB300,flux1,32,0.0,False,assumed_dp_default
training_results_v6.0,Dell,8xXE9712x4GB300,llama31_8b,32,,False,unmeasured_no_scale_match
training_results_v6.0,Dell,1xXE9780x8B200-SXM-180GB,dlrm_dcnv2,8,0.0,False,assumed_dp_default
training_results_v6.0,Dell,1xXE9780x8B200-SXM-180GB,llama31_8b,8,0.0,True,measured
training_results_v6.0,Dell,1xXE9780Lx8B300-SXM-270GB,dlrm_dcnv2,8,0.0,False,assumed_dp_default
training_results_v6.0,Dell,1xXE9780Lx8B300-SXM-270GB,llama2_70b_lora,8,0.0,True,measured
training_results_v6.0,Dell,1xXE9780Lx8B300-SXM-270GB,gpt_oss_20b,8,0.0,True,measured
training_results_v6.0,Dell,1xXE9780LAPB300-SXM-270GB,dlrm_dcnv2,8,0.0,False,assumed_dp_default
training_results_v6.0,Dell,2xXE9780x8B300-SXM-270GB,dlrm_dcnv2,16,0.0,False,assumed_dp_default
training_results_v6.0,Dell,2xXE9780x8B300-SXM-270GB,gpt_oss_20b,16,0.0,True,measured
training_results_v6.0,Dell,2xXE9780x8B300-SXM-270GB,llama31_8b,16,0.0,True,measured
training_results_v6.0,Dell,16xXE9712x4GB300,flux1,64,0.0,False,assumed_dp_default
training_results_v6.0,Dell,16xXE9712x4GB300,llama2_70b_lora,64,0.0,True,measured
training_results_v6.0,Dell,16xXE9712x4GB300,gpt_oss_20b,64,0.0,True,measured
training_results_v6.0,Dell,16xXE9712x4GB300,llama31_8b,64,0.0,True,measured
training_results_v6.0,Dell,1xXE7740x8H200-NVL-141GB,llama2_70b_lora,8,0.0,True,measured
training_results_v6.0,Dell,1xXE7740x8H200-NVL-141GB,llama31_8b,8,0.0,True,measured
training_results_v6.0,Dell,2xXE9712x4GB300,llama2_70b_lora,8,0.0,True,measured
training_results_v6.0,Dell,2xXE9712x4GB300,gpt_oss_20b,8,0.0,True,measured
training_results_v6.0,Dell,2xXE9712x4GB300,llama31_8b,8,0.0,True,measured
training_results_v6.0,Dell,1xXE9780x8B300-SXM-270GB,llama2_70b_lora,8,0.0,True,measured
training_results_v6.0,Dell,1xXE9780x8B300-SXM-270GB,llama31_8b,8,0.0,True,measured
training_results_v6.0,Dell,1xXE9785L_8xMI355X,llama2_70b_lora,8,0.0,True,measured
training_results_v6.0,Dell,1xXE9785L_8xMI355X,llama31_8b,8,0.0,True,measured
training_results_v6.0,Dell,1xXE9780Lx8B200-SXM-180GB,dlrm_dcnv2,8,0.0,False,assumed_dp_default
training_results_v6.0,Dell,1xXE9780Lx8B200-SXM-180GB,gpt_oss_20b,8,0.0,True,measured
training_results_v6.0,Dell,4xXE9712x4GB300,flux1,16,0.0,False,assumed_dp_default
training_results_v6.0,Dell,4xXE9712x4GB300,llama31_8b,16,0.0,True,measured
training_results_v6.0,Dell,1xXE9712x4GB300,llama2_70b_lora,4,,False,unmeasured_no_scale_match
training_results_v6.0,Dell,1xXE9712x4GB300,gpt_oss_20b,4,,False,unmeasured_no_scale_match
training_results_v6.0,Dell,1xXE9712x4GB300,llama31_8b,4,,False,unmeasured_no_scale_match
training_results_v6.0,Dell,1xXE7745x8H200-NVL-141GB,llama2_70b_lora,8,0.0,True,measured
training_results_v6.0,Dell,1xXE7745x8H200-NVL-141GB,llama31_8b,8,0.0,True,measured
training_results_v6.0,Dell,1xXE9785Lx8B300-SXM-270GB,llama2_70b_lora,8,0.0,True,measured
training_results_v6.0,Dell,1xXE9785Lx8B300-SXM-270GB,gpt_oss_20b,8,0.0,True,measured
training_results_v6.0,Nebius,nebius_b300_n8,flux1,64,0.0,False,assumed_dp_default
training_results_v6.0,Nebius,nebius_b300_n8,gpt_oss_20b,64,0.0,True,measured
training_results_v6.0,Nebius,nebius_b300_n8,llama31_8b,64,0.0,True,measured
training_results_v6.0,Nebius,nebius_gb300_n18,flux1,72,0.0,False,assumed_dp_default
training_results_v6.0,Nebius,nebius_gb300_n18,gpt_oss_20b,72,0.0,True,measured
training_results_v6.0,Nebius,nebius_gb300_n18,llama31_8b,72,0.0,True,measured
training_results_v6.0,Nebius,nebius_gb300_n8,flux1,32,0.0,False,assumed_dp_default
training_results_v6.0,Nebius,nebius_b300_n4,flux1,32,0.0,False,assumed_dp_default
training_results_v6.0,Nebius,nebius_gb300_n2,gpt_oss_20b,8,0.0,True,measured
training_results_v6.0,Nebius,nebius_gb300_n2,llama31_8b,8,0.0,True,measured
training_results_v6.0,Nebius,nebius_b300_n1,gpt_oss_20b,8,0.0,True,measured
training_results_v6.0,Nebius,nebius_b300_n1,llama31_8b,8,0.0,True,measured
training_results_v6.0,GigaComputing,DLB2-CB3_hugectr,dlrm_dcnv2,64,0.0,False,assumed_dp_default
training_results_v6.0,GigaComputing,DLB2-CB3_pytorch,flux1,72,0.0,False,assumed_dp_default
training_results_v6.0,GigaComputing,DLB2-CB3_pytorch,llama2_70b_lora,72,0.0,True,measured
training_results_v6.0,GigaComputing,DLB2-CB3_pytorch,gpt_oss_20b,72,0.0,True,measured
training_results_v6.0,GigaComputing,DLB2-CB3_pytorch,llama31_8b,72,0.0,True,measured
training_results_v6.0,GigaComputing,G894-SD3-AAX7_hugectr,dlrm_dcnv2,8,0.0,False,assumed_dp_default
training_results_v6.0,GigaComputing,G893-ZX1-AAX4_pytorch,llama2_70b_lora,8,0.0,True,measured
training_results_v6.0,GigaComputing,G893-ZX1-AAX4_pytorch,llama31_8b,8,0.0,True,measured
training_results_v6.0,GigaComputing,G894-SD3-AAX7_pytorch,llama2_70b_lora,8,0.0,True,measured
training_results_v6.0,GigaComputing,G894-SD3-AAX7_pytorch,gpt_oss_20b,8,0.0,True,measured
training_results_v6.0,GigaComputing,G894-SD3-AAX7_pytorch,llama31_8b,8,0.0,True,measured
training_results_v6.0,MiTAC,8xMI350X_2xEPYC_9575F_SUTA,llama2_70b_lora,8,,False,unmeasured_no_scale_match
training_results_v6.0,MiTAC,MI325X_1node,llama31_8b,8,,False,unmeasured_no_scale_match
training_results_v6.0,MiTAC,MI350X_akash_1node_primus,llama2_70b_lora,8,,False,unmeasured_no_scale_match
training_results_v6.0,MiTAC,MI350X_akash_1node_primus,llama31_8b,8,,False,unmeasured_no_scale_match
training_results_v6.0,MiTAC,8xMI355X_2xEPYC_9755,llama2_70b_lora,8,,False,unmeasured_no_scale_match
training_results_v6.0,MiTAC,8xMI355X_2xEPYC_9755,llama31_8b,8,,False,unmeasured_no_scale_match
training_results_v6.0,MiTAC,8xMI350X_2xEPYC_9575F_SUTB,llama31_8b,8,,False,unmeasured_no_scale_match
training_results_v6.0,NVIDIA,theia_ngpu512_ngc26.04_nemo,deepseekv3_671b,512,1.3862943611198906,True,measured
training_results_v6.0,NVIDIA,theia_ngpu512_ngc26.04_nemo,llama2_70b_lora,512,0.0,True,measured
training_results_v6.0,NVIDIA,theia_ngpu512_ngc26.04_nemo,gpt_oss_20b,512,0.6931471805599453,True,measured
training_results_v6.0,NVIDIA,theia_ngpu512_ngc26.04_nemo,llama31_8b,512,0.6931471805599453,True,measured
training_results_v6.0,NVIDIA,tyche-hsg_ngpu2048_ngc26.04_nemo,deepseekv3_671b,2048,2.0794415416798357,True,measured
training_results_v6.0,NVIDIA,hsg_ngpu5120_ngc25.09_nemo,llama31_405b,5120,3.4657359027997265,True,measured
training_results_v6.0,NVIDIA,theia-cmh_ngpu512_ngc26.04_nemo,llama31_405b,512,2.772588722239781,True,measured
training_results_v6.0,NVIDIA,tyche-hsg_ngpu512_ngc26.04_nemo,deepseekv3_671b,512,1.3862943611198906,True,measured
training_results_v6.0,NVIDIA,tyche-hsg_ngpu1024_ngc26.04_nemo,llama31_8b,1024,1.3862943611198906,True,measured
training_results_v6.0,NVIDIA,hsg_ngpu2560_ngc25.09_nemo,llama31_405b,2560,3.4657359027997265,True,measured
training_results_v6.0,NVIDIA,theia-cmh_ngpu72_ngc26.03_nemo,flux1,72,0.0,False,assumed_dp_default
training_results_v6.0,NVIDIA,theia_ngpu512_ngc25.09_nemo,flux1,512,0.0,False,assumed_dp_default
training_results_v6.0,NVIDIA,theia-cmh_ngpu2048_ngc26.04_nemo,llama31_405b,2048,2.772588722239781,True,measured
training_results_v6.0,NVIDIA,theia-cmh_ngpu32_ngc26.03_nemo,flux1,32,0.0,False,assumed_dp_default
training_results_v6.0,NVIDIA,tyche-hsg_ngpu72_ngc26.04_nemo,gpt_oss_20b,72,0.0,True,measured
training_results_v6.0,NVIDIA,tyche-hsg_ngpu4096_ngc26.04_nemo,deepseekv3_671b,4096,2.0794415416798357,True,measured
training_results_v6.0,NVIDIA,theia_ngpu8_ngc26.04_nemo,llama2_70b_lora,8,0.0,True,measured
training_results_v6.0,NVIDIA,theia_ngpu8_ngc26.04_nemo,gpt_oss_20b,8,0.0,True,measured
training_results_v6.0,NVIDIA,theia_ngpu8_ngc26.04_nemo,llama31_8b,8,0.0,True,measured
training_results_v6.0,NVIDIA,theia_ngpu64_ngc26.03_hugectr,dlrm_dcnv2,64,0.0,False,assumed_dp_default
training_results_v6.0,NVIDIA,theia_ngpu8_ngc26.03_hugectr,dlrm_dcnv2,8,0.0,False,assumed_dp_default
training_results_v6.0,NVIDIA,theia_ngpu72_ngc26.04_nemo,llama2_70b_lora,72,0.0,True,measured
training_results_v6.0,NVIDIA,theia_ngpu72_ngc26.04_nemo,gpt_oss_20b,72,0.0,True,measured
training_results_v6.0,NVIDIA,theia_ngpu72_ngc26.04_nemo,llama31_8b,72,0.0,True,measured
training_results_v6.0,NVIDIA,theia_ngpu256_ngc26.04_nemo,deepseekv3_671b,256,1.3862943611198906,True,measured
training_results_v6.0,NVIDIA,tyche-hsg_ngpu8192_ngc26.04_nemo,deepseekv3_671b,8192,2.0794415416798357,True,measured
training_results_v6.0,NVIDIA,tyche-hsg_ngpu8_ngc26.04_nemo,gpt_oss_20b,8,0.0,True,measured
training_results_v6.0,AMD,8xMI325X_EPYC_9575F_pytorch,flux1,64,0.0,False,assumed_dp_default
training_results_v6.0,AMD,MI350X_EPYC_9575F_primus,llama2_70b_lora,8,,False,unmeasured_no_scale_match
training_results_v6.0,AMD,MI350X_EPYC_9575F_primus,llama31_8b,8,,False,unmeasured_no_scale_match
training_results_v6.0,AMD,MI355X_EPYC_9575F_primus,llama2_70b_lora,8,,False,unmeasured_no_scale_match
training_results_v6.0,AMD,MI355X_EPYC_9575F_primus,llama31_8b,8,,False,unmeasured_no_scale_match
training_results_v6.0,TTA,RTX6000Pro_8x96GB,llama31_8b,8,,False,unmeasured_no_scale_match
training_results_v6.0,HPE,HPE-Compute-XD685-B200-SXM5-192GB_n1_25.09,llama2_70b_lora,8,0.0,True,measured
training_results_v6.0,HPE,HPE-Compute-XD685-B200-SXM5-192GB_n1_25.09,llama31_8b,8,0.0,True,measured
training_results_v6.0,HPE,HPE-GB200-ngpu32_ngc25.09,llama2_70b_lora,32,0.0,True,measured
training_results_v6.0,HPE,HPE-GB200-ngpu32_ngc25.09,llama31_8b,32,0.0,True,measured
training_results_v6.0,HPE,HPE-GB300-ngpu32_ngc26.04,llama2_70b_lora,32,0.0,True,measured
training_results_v6.0,HPE,HPE-GB300-ngpu32_ngc26.04,gpt_oss_20b,32,0.0,True,measured
training_results_v6.0,HPE,HPE-GB300-ngpu32_ngc26.04,llama31_8b,32,0.0,True,measured
training_results_v6.0,HPE,HPE-GB200-ngpu16_ngc25.09,llama2_70b_lora,16,0.0,True,measured
training_results_v6.0,HPE,HPE-GB200-ngpu16_ngc25.09,llama31_8b,16,0.0,True,measured
training_results_v6.0,HPE,HPE-GB300-ngpu8_ngc26.04,llama2_70b_lora,8,0.0,True,measured
training_results_v6.0,HPE,HPE-GB300-ngpu8_ngc26.04,gpt_oss_20b,8,0.0,True,measured
training_results_v6.0,HPE,HPE-GB300-ngpu8_ngc26.04,llama31_8b,8,0.0,True,measured
training_results_v6.0,HPE,HPE-Compute-XD690-B300-SXM6-288GB_n1_ngc26.04,dlrm_dcnv2,8,0.0,False,assumed_dp_default
training_results_v6.0,HPE,HPE-Compute-XD690-B300-SXM6-288GB_n1_ngc26.04,llama2_70b_lora,8,0.0,True,measured
training_results_v6.0,HPE,HPE-Compute-XD690-B300-SXM6-288GB_n1_ngc26.04,gpt_oss_20b,8,0.0,True,measured
training_results_v6.0,HPE,HPE-Compute-XD690-B300-SXM6-288GB_n1_ngc26.04,llama31_8b,8,0.0,True,measured
training_results_v6.0,HPE,HPE-Compute-XD685-MI355X-288GBx8,llama2_70b_lora,8,0.0,True,measured
training_results_v6.0,HPE,HPE-Compute-XD685-MI355X-288GBx8,llama31_8b,8,0.0,True,measured
training_results_v6.0,HPE,HPE-Compute-XD685-B200-SXM5-192GB_n2_25.09,llama2_70b_lora,16,0.0,True,measured
training_results_v6.0,HPE,HPE-Compute-XD685-B200-SXM5-192GB_n2_25.09,llama31_8b,16,0.0,True,measured
training_results_v6.0,HPE,HPE-GB200-ngpu8_ngc25.09,llama2_70b_lora,8,0.0,True,measured
training_results_v6.0,HPE,HPE-GB200-ngpu8_ngc25.09,llama31_8b,8,0.0,True,measured
training_results_v6.0,HPE,HPE-GB300-ngpu72_ngc26.04_reduced_warmup,llama31_405b,72,4.276666119016055,True,measured
training_results_v6.0,HPE,HPE-GB200-ngpu4_ngc25.09,llama2_70b_lora,4,0.0,True,measured
training_results_v6.0,HPE,HPE-GB300-ngpu72_ngc26.04,llama31_405b,72,4.276666119016055,True,measured
training_results_v6.0,HPE,HPE-GB300-ngpu72_ngc26.04,llama2_70b_lora,72,0.0,True,measured
training_results_v6.0,HPE,HPE-GB300-ngpu72_ngc26.04,gpt_oss_20b,72,0.0,True,measured
training_results_v6.0,HPE,HPE-GB300-ngpu72_ngc26.04,llama31_8b,72,0.0,True,measured
training_results_v6.0,HPE,HPE-GB300-ngpu16_ngc26.04,llama2_70b_lora,16,0.0,True,measured
training_results_v6.0,HPE,HPE-GB300-ngpu16_ngc26.04,gpt_oss_20b,16,0.0,True,measured
training_results_v6.0,HPE,HPE-GB300-ngpu16_ngc26.04,llama31_8b,16,0.0,True,measured
training_results_v6.0,HPE,HPE-GB300-ngpu72_ngc26.04_reduced_gbs,llama31_405b,72,4.276666119016055,True,measured
training_results_v6.0,ASUSTeK,XA_NB3I_E12,dlrm_dcnv2,8,0.0,False,assumed_dp_default
training_results_v6.0,ASUSTeK,XA_NB3I_E12,llama2_70b_lora,8,0.0,True,measured
training_results_v6.0,ASUSTeK,XA_NB3I_E12,gpt_oss_20b,8,,False,unmeasured_no_scale_match
training_results_v6.0,ASUSTeK,XA_NB3I_E12,llama31_8b,8,0.0,True,measured
training_results_v6.0,tinycorp,tinybox_8xMI350X,llama31_8b,8,,False,unmeasured_no_scale_match
training_results_v6.0,Cisco,Zeus_16xH100_SXM_80GB,llama2_70b_lora,128,1.3862943611198906,True,measured
training_results_v6.0,Cisco,Zeus_16xH100_SXM_80GB,gpt_oss_20b,128,0.6931471805599453,True,measured
training_results_v6.0,Cisco,Zeus_16xH100_SXM_80GB,llama31_8b,128,4.1588830833596715,True,measured
training_results_v6.0,Cisco,Zeus_2xMI350X,llama2_70b_lora,16,0.0,True,measured
training_results_v6.0,Cisco,Zeus_2xMI350X,llama31_8b,16,0.0,True,measured
training_results_v6.0,Cisco,Zeus_8xH100_SXM_80GB,dlrm_dcnv2,64,0.0,False,assumed_dp_default
training_results_v6.0,Cisco,Zeus_8xH100_SXM_80GB,llama2_70b_lora,64,1.3862943611198906,True,measured
training_results_v6.0,Cisco,Zeus_8xH100_SXM_80GB,gpt_oss_20b,64,0.6931471805599453,True,measured
training_results_v6.0,Cisco,Zeus_8xH100_SXM_80GB,llama31_8b,64,4.1588830833596715,True,measured
training_results_v6.0,Cisco,2xC885A_M8-8xH200-SXM-141GB,llama31_8b,16,0.0,True,measured
training_results_v6.0,Cisco,2xC880A_M8-8xB300-SXM-288GB,llama2_70b_lora,16,0.0,True,measured
training_results_v6.0,Cisco,2xC880A_M8-8xB300-SXM-288GB,llama31_8b,16,0.0,True,measured
training_results_v6.0,Cisco,1xC880A_M8-8xB300-SXM-288GB,llama2_70b_lora,8,0.0,True,measured
training_results_v6.0,Cisco,1xC880A_M8-8xB300-SXM-288GB,gpt_oss_20b,8,0.0,True,measured
training_results_v6.0,Cisco,1xC880A_M8-8xB300-SXM-288GB,llama31_8b,8,0.0,True,measured
training_results_v6.0,SCITIX,scitix.b200x8.n8,llama31_8b,64,0.0,True,measured
training_results_v6.0,Inventec,P9000IG7_ngc26.04_nemo,llama2_70b_lora,8,0.0,True,measured
training_results_v6.0,Inventec,P9000IG7_ngc26.04_nemo,gpt_oss_20b,8,0.0,True,measured
training_results_v6.0,Inventec,P9000IG7_ngc26.04_nemo,llama31_8b,8,0.0,True,measured
training_results_v6.0,Supermicro,ARS-121GL-NB3,flux1,72,0.0,False,assumed_dp_default
training_results_v6.0,Supermicro,ARS-121GL-NB3,llama2_70b_lora,72,0.0,True,measured
training_results_v6.0,Supermicro,ARS-121GL-NB3,gpt_oss_20b,72,0.0,True,measured
training_results_v6.0,Supermicro,ARS-121GL-NB3,llama31_8b,72,0.0,True,measured
training_results_v6.0,Supermicro,SYS-422GS-NB3RT-LCC-8xB300_SXM,dlrm_dcnv2,8,0.0,False,assumed_dp_default
training_results_v6.0,Supermicro,SYS-422GS-NB3RT-LCC-8xB300_SXM,llama2_70b_lora,8,0.0,True,measured
training_results_v6.0,Supermicro,SYS-422GS-NB3RT-LCC-8xB300_SXM,gpt_oss_20b,8,0.0,True,measured
training_results_v6.0,Supermicro,SYS-422GS-NB3RT-LCC-8xB300_SXM,llama31_8b,8,0.0,True,measured
training_results_v6.0,Supermicro,AS-4126GS-NBR-LCC,llama2_70b_lora,8,0.0,True,measured
training_results_v6.0,Supermicro,AS-4126GS-NBR-LCC,llama31_8b,8,0.0,True,measured
training_results_v6.0,Supermicro,AS-4126GS-NMR-LCC_8xMI355X_OAM,llama2_70b_lora,8,0.0,True,measured
training_results_v6.0,Supermicro,AS-4126GS-NMR-LCC_8xMI355X_OAM,llama31_8b,8,0.0,True,measured
training_results_v6.0,Supermicro,AS-4126GS-NB3RT-LCC-8xB300_SXM,dlrm_dcnv2,8,0.0,False,assumed_dp_default
training_results_v6.0,Supermicro,AS-4126GS-NB3RT-LCC-8xB300_SXM,llama2_70b_lora,8,0.0,True,measured
training_results_v6.0,Supermicro,AS-4126GS-NB3RT-LCC-8xB300_SXM,gpt_oss_20b,8,0.0,True,measured
training_results_v6.0,Supermicro,AS-4126GS-NB3RT-LCC-8xB300_SXM,llama31_8b,8,0.0,True,measured
training_results_v6.0,Supermicro,AS-8126GS-NB3RT,llama2_70b_lora,16,,False,unmeasured_no_scale_match
training_results_v6.0,Supermicro,AS-8126GS-NB3RT,llama31_8b,16,,False,unmeasured_no_scale_match
training_results_v6.0,Supermicro,SYS-222GS-NB3OT-ALC-8xB300_SXM,dlrm_dcnv2,8,0.0,False,assumed_dp_default
training_results_v6.0,Supermicro,SYS-222GS-NB3OT-ALC-8xB300_SXM,llama2_70b_lora,8,0.0,True,measured
training_results_v6.0,Supermicro,SYS-222GS-NB3OT-ALC-8xB300_SXM,gpt_oss_20b,8,0.0,True,measured
training_results_v6.0,Supermicro,SYS-222GS-NB3OT-ALC-8xB300_SXM,llama31_8b,8,0.0,True,measured
training_results_v6.0,Supermicro,SYS-A22GA-NBRT-8xB200_SXM,dlrm_dcnv2,8,0.0,False,assumed_dp_default
training_results_v6.0,Supermicro,SYS-A22GA-NBRT-8xB200_SXM,llama2_70b_lora,8,0.0,True,measured
training_results_v6.0,Supermicro,SYS-A22GA-NBRT-8xB200_SXM,gpt_oss_20b,8,0.0,True,measured
training_results_v6.0,Supermicro,SYS-A22GA-NBRT-8xB200_SXM,llama31_8b,8,0.0,True,measured
training_results_v6.0,Netweb_Technologies_India_LTD,tyrone_ngpu8,llama2_70b_lora,8,0.0,True,measured
training_results_v6.0,Netweb_Technologies_India_LTD,tyrone_ngpu8,gpt_oss_20b,8,0.0,True,measured
training_results_v6.0,Krai,Cray-XD670-H200-SXM5-141GB_n4_v5.0,llama2_70b_lora,32,1.3862943611198906,True,measured
training_results_v6.0,Krai,Isambard-AI-Phase2-GH200-96GB_n8_v6.0,llama2_70b_lora,32,1.3862943611198906,True,measured
training_results_v6.0,Krai,Isambard-AI-Phase2-GH200-96GB_n16_v6.0,llama2_70b_lora,64,1.3862943611198906,True,measured
training_results_v6.0,Krai,Isambard-AI-Phase2-GH200-96GB_n1_v6.0,llama2_70b_lora,4,1.3862943611198906,True,measured
training_results_v6.0,Krai,Cray-XD670-H200-SXM5-141GB_n8_v5.0,llama2_70b_lora,64,1.3862943611198906,True,measured
training_results_v6.0,Krai,PowerEdge-XE9680-MI300X-192GB_n1_v5.0,llama2_70b_lora,8,1.3862943611198906,True,measured
training_results_v6.0,Krai,Isambard-AI-Phase2-GH200-96GB_n2_v6.0,llama2_70b_lora,8,1.3862943611198906,True,measured
training_results_v6.0,Krai,Isambard-AI-Phase2-GH200-96GB_n4_v6.0,llama2_70b_lora,16,0.6931471805599453,True,measured
training_results_v6.0,Krai,Cray-XD670-H200-SXM5-141GB_n2_v5.0,llama2_70b_lora,16,0.6931471805599453,True,measured
training_results_v6.0,Krai,PowerEdge-XE9680-MI300X-192GB_n1_v5.1,llama2_70b_lora,8,1.3862943611198906,True,measured
training_results_v6.0,Lambda,b200_n1_ngc25.09_nemo,gpt_oss_20b,8,0.0,True,measured
training_results_v6.0,Lambda,b200_n1_ngc25.09_nemo,llama31_8b,8,0.0,True,measured
training_results_v6.0,Lambda,gb300_n18_ngc25.09_nemo,gpt_oss_20b,72,0.0,True,measured
training_results_v6.0,Lambda,gb300_n18_ngc25.09_nemo,llama31_8b,72,0.0,True,measured
training_results_v6.0,CoreWeave,CoreWeave_B200_8x8,gpt_oss_20b,64,0.0,True,measured
training_results_v6.0,CoreWeave,CoreWeave_B200_8x8,llama31_8b,64,0.0,True,measured
training_results_v6.0,CoreWeave,CoreWeave_GB300_2048x4,deepseekv3_671b,8192,1.3862943611198906,True,measured
training_results_v6.0,CoreWeave,CoreWeave_GB300_512x4,deepseekv3_671b,2048,1.3862943611198906,True,measured
training_results_v6.0,CoreWeave,CoreWeave_GB300_1024x4_nccl2297,llama31_405b,4096,2.772588722239781,True,measured
training_results_v6.0,CoreWeave,CoreWeave_GB300_1024x4,deepseekv3_671b,4096,1.3862943611198906,True,measured
training_results_v6.0,Fujitsu,PRIMERGY_CDI_H200_NVL_144GBx8,llama2_70b_lora,8,0.0,True,measured
training_results_v6.0,Azure,2048xAzure_GB200,llama31_405b,8192,,False,unmeasured_no_scale_match
training_results_v6.0,Quanta_Cloud_Technology,D75U-1U_ngpu64,flux1,64,0.0,False,assumed_dp_default
training_results_v6.0,Quanta_Cloud_Technology,D75U-1U_ngpu64,dlrm_dcnv2,64,0.0,False,assumed_dp_default
training_results_v6.0,Quanta_Cloud_Technology,D75U-1U_ngpu64,llama2_70b_lora,64,0.0,True,measured
training_results_v6.0,Quanta_Cloud_Technology,D75U-1U_ngpu64,gpt_oss_20b,64,0.0,True,measured
training_results_v6.0,Quanta_Cloud_Technology,D75U-1U_ngpu64,llama31_8b,64,0.0,True,measured
training_results_v6.0,Quanta_Cloud_Technology,D75U-1U_ngpu8,dlrm_dcnv2,8,0.0,False,assumed_dp_default
training_results_v6.0,Quanta_Cloud_Technology,D75U-1U_ngpu8,llama2_70b_lora,8,0.0,True,measured
training_results_v6.0,Quanta_Cloud_Technology,D75U-1U_ngpu8,gpt_oss_20b,8,0.0,True,measured
training_results_v6.0,Quanta_Cloud_Technology,D75U-1U_ngpu8,llama31_8b,8,0.0,True,measured
training_results_v6.0,Quanta_Cloud_Technology,D75H-10U,dlrm_dcnv2,8,0.0,False,assumed_dp_default
training_results_v6.0,Quanta_Cloud_Technology,D75H-10U,llama2_70b_lora,8,0.0,True,measured
training_results_v6.0,Quanta_Cloud_Technology,D75H-10U,gpt_oss_20b,8,0.0,True,measured
training_results_v6.0,Quanta_Cloud_Technology,D75H-10U,llama31_8b,8,0.0,True,measured
training_results_v6.0,Google,gb200_nvl72_n64_ngc26.04_nemo,deepseekv3_671b,256,2.0794415416798357,True,measured
training_results_v6.0,Oracle,32GPU.GB300.4.NVL72,flux1,32,0.0,False,assumed_dp_default
training_results_v6.0,Oracle,8xMI355X_2xEPYC_9575F,llama31_8b,8,0.0,True,measured
training_results_v6.0,Oracle,512xMI300X_Xeon_8480,flux1,512,0.0,False,assumed_dp_default
training_results_v6.0,Oracle,72GPU.GB300.4.NVL72,flux1,72,0.0,False,assumed_dp_default
training_results_v6.0,Oracle,72GPU.GB300.4.NVL72,llama31_8b,72,0.0,True,measured
training_results_v6.0,Oracle,8GPU.GB300.4.NVL72,llama2_70b_lora,8,0.0,True,measured
training_results_v6.0,Oracle,8GPU.GB300.4.NVL72,gpt_oss_20b,8,0.0,True,measured
training_results_v6.0,Oracle,8GPU.GB300.4.NVL72,llama31_8b,8,0.0,True,measured
